Hydro (% electricity),Electricity from hydro (TWh)_x,Electricity from hydro (TWh)_y,Renewables (% electricity),Solar (% electricity),Electricity from solar (TWh)_y,Wind (% electricity),Electricity from solar (TWh)_x,Electricity from wind (TWh)_x,Other renewables including bioenergy (TWh),Electricity from wind (TWh)_y,Year,Entity
69.908104,41.84,41.84,72.58146,0,0,0.116959065,0,0.07,1.53,0.07,2000,Austria
66.26269,40.46,40.46,69.17786,0.016377334,0.01,0.16377333,0.01,0.1,1.67,0.1,2001,Austria
66.2877,40.23,40.23,69.03938,0.016477179,0.01,0.23068051,0.01,0.14,1.52,0.14,2002,Austria
57.199448,33.21,33.21,60.695835,0.017223561,0.01,0.63727176,0.01,0.37,1.65,0.37,2003,Austria
59.357334,36.76,36.76,63.975456,0.032294527,0.02,1.5016955,0.02,0.93,1.91,0.93,2004,Austria
57.528297,37.1,37.1,63.389675,0.031012561,0.02,2.0623353,0.02,1.33,2.43,1.33,2005,Austria
57.25755,35.66,35.66,65.285805,0.032113038,0.02,2.809891,0.02,1.75,3.23,1.75,2006,Austria
58.893658,37.05,37.05,68.62184,0.03179145,0.02,3.2427278,0.02,2.04,4.06,2.04,2007,Austria
59.42636,38.33,38.33,69.03876,0.046511628,0.03,3.1162791,0.03,2.01,4.16,2.01,2008,Austria
61.689293,40.9,40.9,71.161385,0.07541478,0.05,2.9411764,0.05,1.95,4.28,1.95,2009,Austria
56.486523,38.36,38.36,66.24944,0.13252833,0.09,3.0334265,0.09,2.06,4.48,2.06,2010,Austria
54.995186,34.24,34.24,65.70832,0.27304852,0.17,3.1159654,0.17,1.94,4.56,1.94,2011,Austria
63.828243,43.85,43.85,74.71616,0.4949054,0.34,3.5807862,0.34,2.46,4.68,2.46,2012,Austria
65.05651,42.02,42.02,78.185486,0.9753832,0.63,4.8769164,0.63,3.15,4.7,3.15,2013,Austria
66.55307,41.01,41.01,81.46706,1.2820513,0.79,6.2479715,0.79,3.85,4.55,3.85,2014,Austria
60.08084,37.16,37.16,76.94422,1.519806,0.94,7.825384,0.94,4.84,4.65,4.84,2015,Austria
61.256706,39.97,39.97,78.28352,1.6858238,1.1,8.015326,1.1,5.23,4.78,5.23,2016,Austria
56.79324,38.29,38.29,75.719376,1.8837141,1.27,9.744884,1.27,6.57,4.92,6.57,2017,Austria
57.872078,37.64,37.64,76.96802,2.2447724,1.46,9.271217,1.46,6.03,4.93,6.03,2018,Austria
57.620663,40.83,40.83,77.109795,2.3990967,1.7,10.513689,1.7,7.45,4.66,7.45,2019,Austria
60.70241,42,42,80.098274,2.948403,2.04,9.813557,2.04,6.79,4.59,6.79,2020,Austria
57.879017,38.75,38.75,78.790146,4.152353,2.78,10.067215,2.78,6.74,4.48,6.74,2021,Austria
55.75823,36.07,36.07,76.2869,4.2201266,2.73,10.712629,2.73,6.93,3.62,6.93,2022,Austria
0.55562264,0.46,0.46,1.2682691,0,0,0.024157507,0,0.02,0.57,0.02,2000,Belgium
0.5595829,0.44,0.44,1.3735217,0,0,0.05087117,0,0.04,0.6,0.04,2001,Belgium
0.44477388,0.36,0.36,1.4084506,0,0,0.074128985,0,0.06,0.72,0.06,2002,Belgium
0.2991504,0.25,0.25,1.435922,0,0,0.10769415,0,0.09,0.86,0.09,2003,Belgium
0.38591415,0.32,0.32,1.8089726,0,0,0.16883744,0,0.14,1.04,0.14,2004,Belgium
0.3448276,0.29,0.29,2.5089178,0,0,0.27348396,0,0.23,1.59,0.23,2005,Belgium
0.43336946,0.36,0.36,3.5632598,0,0,0.44540748,0,0.37,2.23,0.37,2006,Belgium
0.45055455,0.39,0.39,4.0318856,0.01155268,0.01,0.56608135,0.01,0.49,2.6,0.49,2007,Belgium
0.4951093,0.41,0.41,5.3375196,0.048303347,0.04,0.77285355,0.04,0.64,3.33,0.64,2008,Belgium
0.36801606,0.33,0.33,6.0778413,0.18958403,0.17,1.1152002,0.17,1,3.95,1,2009,Belgium
0.33379993,0.31,0.31,7.042102,0.6029934,0.56,1.3890384,0.56,1.29,4.38,1.29,2010,Belgium
0.22459292,0.2,0.2,9.331837,1.3138685,1.17,2.5940483,1.17,2.31,4.63,2.31,2011,Belgium
0.4421518,0.36,0.36,12.908377,2.640629,2.15,3.3898306,2.15,2.76,5.24,2.76,2012,Belgium
0.46500245,0.38,0.38,14.329417,3.2305434,2.64,4.478708,2.64,3.66,5.03,3.66,2013,Belgium
0.40879616,0.29,0.29,17.211727,4.073865,2.89,6.5125456,2.89,4.62,4.41,4.62,2014,Belgium
0.46975923,0.32,0.32,21.212564,4.4920726,3.06,8.176746,3.06,5.57,5.5,5.57,2015,Belgium
0.44068605,0.37,0.37,16.972368,3.6922345,3.1,6.455455,3.1,5.42,5.36,5.42,2016,Belgium
0.31790888,0.27,0.27,18.603556,3.8973272,3.31,7.6769104,3.31,6.52,5.7,6.52,2017,Belgium
0.39445052,0.29,0.29,23.35419,5.3046794,3.9,10.296518,3.9,7.57,5.41,7.57,2018,Belgium
0.3249919,0.3,0.3,21.091972,4.6040516,4.25,10.57307,4.25,9.76,5.16,9.76,2019,Belgium
0.30720222,0.27,0.27,26.692457,5.814086,5.11,14.586415,5.11,12.82,5.26,12.82,2020,Belgium
0.4241139,0.42,0.42,22.95264,5.675048,5.62,12.11754,5.62,12,4.69,12,2021,Belgium
0.21146119,0.2,0.2,25.449354,7.7711987,7.35,12.7616825,7.35,12.07,4.45,12.07,2022,Belgium
6.477833,2.63,2.63,6.477833,0,0,0,0,0,0,0,2000,Bulgaria
3.7974682,1.65,1.65,3.7974682,0,0,0,0,0,0,0,2001,Bulgaria
5.0368257,2.12,2.12,5.0368257,0,0,0,0,0,0,0,2002,Bulgaria
7.070229,2.99,2.99,7.070229,0,0,0,0,0,0,0,2003,Bulgaria
7.584541,3.14,3.14,7.584541,0,0,0,0,0,0,0,2004,Bulgaria
9.7883005,4.3,4.3,9.7883005,0,0,0,0,0,0,0,2005,Bulgaria
9.256816,4.21,4.21,9.300792,0,0,0.043975376,0,0.02,0,0.02,2006,Bulgaria
6.5967364,2.83,2.83,6.7132864,0,0,0.11655011,0,0.05,0,0.05,2007,Bulgaria
6.2612205,2.79,2.79,6.5754037,0,0,0.2692998,0,0.12,0.02,0.12,2008,Bulgaria
8.103,3.43,3.43,8.693598,0,0,0.56697375,0,0.24,0.01,0.24,2009,Bulgaria
10.93954,5.03,5.03,12.527185,0.021748587,0.01,1.4789039,0.01,0.68,0.04,0.68,2010,Bulgaria
5.7457457,2.87,2.87,7.7877874,0.2002002,0.1,1.7217216,0.1,0.86,0.06,0.86,2011,Bulgaria
6.8416524,3.18,3.18,11.295181,1.6781411,0.78,2.624785,0.78,1.22,0.07,1.22,2012,Bulgaria
9.386617,4.04,4.04,16.054832,3.229554,1.39,3.1830854,1.39,1.37,0.11,1.37,2013,Bulgaria
9.803922,4.6,4.6,15.750214,2.6854222,1.26,2.8346121,1.26,1.33,0.2,1.33,2014,Bulgaria
11.601643,5.65,5.65,17.967146,2.8336756,1.38,2.9774127,1.38,1.45,0.27,1.45,2015,Bulgaria
8.70736,3.88,3.88,15.798923,3.1193895,1.39,3.1867144,1.39,1.42,0.35,1.42,2016,Bulgaria
6.298687,2.83,2.83,13.643445,3.1159582,1.4,3.3385265,1.4,1.5,0.4,1.5,2017,Bulgaria
11.06575,5.15,5.15,20.154705,2.8792436,1.34,2.8362699,1.34,1.32,1.57,1.32,2018,Bulgaria
6.689498,2.93,2.93,17.100456,3.2420092,1.42,3.0136986,1.42,1.32,1.82,1.32,2019,Bulgaria
7.011437,2.82,2.82,18.57285,3.654898,1.47,3.6797612,1.47,1.48,1.7,1.48,2020,Bulgaria
10.190275,4.82,4.82,21.79704,3.1078224,1.47,3.0232558,1.47,1.43,2.59,1.43,2021,Bulgaria
7.3349147,3.71,3.71,18.703045,3.4005535,1.72,2.8272042,1.72,1.43,2.6,1.43,2022,Bulgaria
57.282413,6.45,6.45,57.282413,0,0,0,0,0,0,0,2000,Croatia
56.225525,7.18,7.18,56.225525,0,0,0,0,0,0,0,2001,Croatia
46.02675,5.85,5.85,46.02675,0,0,0,0,0,0,0,2002,Croatia
41.394997,5.46,5.46,41.394997,0,0,0,0,0,0,0,2003,Croatia
54.931602,7.63,7.63,54.931602,0,0,0,0,0,0,0,2004,Croatia
53.905052,7.04,7.04,54.05819,0,0,0.07656968,0,0.01,0.01,0.01,2005,Croatia
51.238388,6.62,6.62,51.47059,0,0,0.15479876,0,0.02,0.01,0.02,2006,Croatia
37.48006,4.7,4.7,37.79904,0,0,0.23923445,0,0.03,0.01,0.03,2007,Croatia
45.226917,5.78,5.78,45.6964,0,0,0.31298906,0,0.04,0.02,0.04,2008,Croatia
55.505615,7.41,7.41,56.02996,0,0,0.37453184,0,0.05,0.02,0.05,2009,Croatia
61.7309,9.13,9.13,62.880325,0,0,0.94658554,0,0.14,0.03,0.14,2010,Croatia
44.790745,5.03,5.03,47.016922,0,0,1.780944,0,0.2,0.05,0.2,2011,Croatia
45.703495,4.84,4.84,49.6695,0,0,3.1161473,0,0.33,0.09,0.33,2012,Croatia
61.792114,8.62,8.62,66.5233,0.07168459,0.01,3.7275987,0.01,0.52,0.13,0.52,2013,Croatia
67.0387,9.01,9.01,73.95833,0.29761904,0.04,5.4315476,0.04,0.73,0.16,0.73,2014,Croatia
56.8,6.39,6.39,66.844444,0.53333336,0.06,7.111111,0.06,0.8,0.27,0.8,2015,Croatia
54.278923,6.85,6.85,66.24405,0.5546751,0.07,8.00317,0.07,1.01,0.43,1.01,2016,Croatia
45.03817,5.31,5.31,60.39016,0.6785411,0.08,10.178118,0.08,1.2,0.53,1.2,2017,Croatia
56.82657,7.7,7.7,72.177124,0.51660514,0.07,9.889298,0.07,1.34,0.67,1.34,2018,Croatia
46.050552,5.83,5.83,65.95577,0.6319115,0.08,11.611375,0.08,1.47,0.97,1.47,2019,Croatia
42.749245,5.66,5.66,64.57704,0.75528705,0.1,12.990937,0.1,1.72,1.07,1.72,2020,Croatia
47.156086,7.13,7.13,69.64286,0.9920636,0.15,13.624339,0.15,2.06,1.19,2.06,2021,Croatia
37.88952,5.35,5.35,63.314445,1.062323,0.15,16.076487,0.15,2.27,1.17,2.27,2022,Croatia
0,0,0,0,0,0,0,0,0,0,0,2000,Cyprus
0,0,0,0,0,0,0,0,0,0,0,2001,Cyprus
0,0,0,0,0,0,0,0,0,0,0,2002,Cyprus
0,0,0,0,0,0,0,0,0,0,0,2003,Cyprus
0,0,0,0,0,0,0,0,0,0,0,2004,Cyprus
0,0,0,0,0,0,0,0,0,0,0,2005,Cyprus
0,0,0,0,0,0,0,0,0,0,0,2006,Cyprus
0,0,0,0,0,0,0,0,0,0,0,2007,Cyprus
0,0,0,0.19723865,0,0,0,0,0,0.01,0,2008,Cyprus
0,0,0,0.57581574,0,0,0,0,0,0.03,0,2009,Cyprus
0,0,0,1.500938,0.18761726,0.01,0.5628518,0.01,0.03,0.04,0.03,2010,Cyprus
0,0,0,3.4552846,0.20325203,0.01,2.2357724,0.01,0.11,0.05,0.11,2011,Cyprus
0,0,0,5.508475,0.42372882,0.02,4.025424,0.02,0.19,0.05,0.19,2012,Cyprus
0,0,0,7.692308,1.1655011,0.05,5.361305,0.05,0.23,0.05,0.23,2013,Cyprus
0,0,0,7.142857,1.8433179,0.08,4.147465,0.08,0.18,0.05,0.18,2014,Cyprus
0,0,0,8.810573,2.8634362,0.13,4.845815,0.13,0.22,0.05,0.22,2015,Cyprus
0,0,0,8.793456,3.0674849,0.15,4.7034764,0.15,0.23,0.05,0.23,2016,Cyprus
0,0,0,8.6,3.4,0.17,4.2,0.17,0.21,0.05,0.21,2017,Cyprus
0,0,0,9.486166,3.9525692,0.2,4.347826,0.2,0.22,0.06,0.22,2018,Cyprus
0,0,0,10.097087,4.2718444,0.22,4.660194,0.22,0.24,0.06,0.24,2019,Cyprus
0,0,0,12.371135,6.1855674,0.3,4.948454,0.3,0.24,0.06,0.24,2020,Cyprus
0,0,0,15.234375,9.1796875,0.47,4.8828125,0.47,0.25,0.06,0.25,2021,Cyprus
0,0,0,16.92015,11.596957,0.61,4.1825094,0.61,0.22,0.06,0.22,2022,Cyprus
2.414266,1.76,1.76,3.127572,0,0,0,0,0,0.52,0,2000,Czechia
2.7620587,2.05,2.05,3.4626784,0,0,0,0,0,0.52,0,2001,Czechia
3.2763157,2.49,2.49,3.9342105,0,0,0,0,0,0.5,0,2002,Czechia
1.666868,1.38,1.38,2.2587268,0,0,0,0,0,0.49,0,2003,Czechia
2.4107888,2.02,2.02,3.2700799,0,0,0.011934598,0,0.01,0.71,0.01,2004,Czechia
2.904919,2.38,2.38,3.8203344,0,0,0.024411082,0,0.02,0.73,0.02,2005,Czechia
3.0480516,2.55,2.55,4.207506,0,0,0.059765715,0,0.05,0.92,0.05,2006,Czechia
2.3812237,2.09,2.09,3.896548,0,0,0.1481144,0,0.13,1.2,0.13,2007,Czechia
2.4255524,2.02,2.02,4.466859,0.012007685,0.01,0.28818443,0.01,0.24,1.45,0.24,2008,Czechia
2.9764822,2.43,2.43,5.7079864,0.11024008,0.09,0.35521802,0.09,0.29,1.85,0.29,2009,Czechia
3.2731113,2.79,2.79,6.933365,0.72735804,0.62,0.39887378,0.62,0.34,2.16,0.34,2010,Czechia
2.2614515,1.96,1.96,8.353525,2.5152879,2.18,0.46152073,2.18,0.4,2.7,0.4,2011,Czechia
2.4593005,2.13,2.13,9.317631,2.4823925,2.15,0.48493245,2.15,0.42,3.37,0.42,2012,Czechia
3.1766348,2.73,2.73,10.821503,2.362113,2.03,0.5585292,2.03,0.48,4.06,0.48,2013,Czechia
2.2467945,1.91,1.91,10.786966,2.493824,2.12,0.56463945,2.12,0.48,4.66,0.48,2014,Czechia
2.169171,1.79,1.79,11.403296,2.7387302,2.26,0.69074166,2.26,0.57,4.79,0.57,2015,Czechia
2.438727,2,2,11.449823,2.5972443,2.13,0.6096817,2.13,0.5,4.76,0.5,2016,Czechia
2.1799953,1.87,1.87,11.226394,2.5647004,2.2,0.687806,2.2,0.59,4.97,0.59,2017,Czechia
1.876583,1.63,1.63,10.856551,2.7170157,2.36,0.7022795,2.36,0.61,4.83,0.61,2018,Czechia
2.3434768,2.01,2.01,11.752361,2.7282267,2.34,0.8161362,2.34,0.7,5.03,0.7,2019,Czechia
2.6699939,2.14,2.14,12.963194,2.9195256,2.34,0.8733624,2.34,0.7,5.21,0.7,2020,Czechia
2.8782995,2.41,2.41,12.791114,2.7708108,2.32,0.71658903,2.32,0.6,5.38,0.6,2021,Czechia
2.3851485,2.03,2.03,12.336976,2.9491246,2.51,0.76371753,2.51,0.65,5.31,0.65,2022,Czechia
0.083333336,0.03,0.03,15.472222,0,0,11.777777,0,4.24,1.3,4.24,2000,Denmark
0.0795334,0.03,0.03,15.509013,0,0,11.426299,0,4.31,1.51,4.31,2001,Denmark
0.07637475,0.03,0.03,17.286152,0,0,12.423626,0,4.88,1.88,4.88,2002,Denmark
0.043327555,0.02,0.02,17.48267,0,0,12.045061,0,5.56,2.49,5.56,2003,Denmark
0.07422069,0.03,0.03,23.5527,0,0,16.27907,0,6.58,2.91,6.58,2004,Denmark
0.05520287,0.02,0.02,27.049406,0,0,18.244549,0,6.61,3.17,6.61,2005,Denmark
0.04385003,0.02,0.02,20.171015,0,0,13.396185,0,6.11,3.07,6.11,2006,Denmark
0.07631645,0.03,0.03,26.201982,0,0,18.239634,0,7.17,3.1,7.17,2007,Denmark
0.08192245,0.03,0.03,27.580559,0,0,18.924086,0,6.93,3.14,6.93,2008,Denmark
0.05497526,0.02,0.02,27.652557,0,0,18.471687,0,6.72,3.32,6.72,2009,Denmark
0.051453564,0.02,0.02,31.97839,0.025726782,0.01,20.092617,0.01,7.81,4.59,7.81,2010,Denmark
0.056785915,0.02,0.02,40.232822,0.028392958,0.01,27.739922,0.01,9.77,4.37,9.77,2011,Denmark
0.06514658,0.02,0.02,48.33876,0.3257329,0.1,33.452766,0.1,10.27,4.45,10.27,2012,Denmark
0.02878526,0.01,0.01,45.941277,1.4968336,0.52,32.00921,0.52,11.12,4.31,11.12,2013,Denmark
0.0621311,0.02,0.02,55.886925,1.8639331,0.6,40.63374,0.6,13.08,4.29,13.08,2014,Denmark
0.06913239,0.02,0.02,65.43381,2.0739717,0.6,48.842033,0.6,14.13,4.18,14.13,2015,Denmark
0.06546645,0.02,0.02,60.1964,2.4222586,0.74,41.83306,0.74,12.78,4.85,12.78,2016,Denmark
0.06445375,0.02,0.02,70.25459,2.4170158,0.75,47.631325,0.75,14.78,6.25,14.78,2017,Denmark
0.032938074,0.01,0.01,68.346504,3.1291173,0.95,45.783924,0.95,13.9,5.89,13.9,2018,Denmark
0.06777363,0.02,0.02,78.17689,3.2531345,0.96,54.72721,0.96,16.15,5.94,16.15,2019,Denmark
0.06961364,0.02,0.02,81.622,4.107205,1.18,56.839542,1.18,16.33,5.92,16.33,2020,Denmark
0.060496066,0.02,0.02,78.947365,3.9624922,1.31,48.548088,1.31,16.05,8.72,16.05,2021,Denmark
0.058105756,0.02,0.02,83.962814,5.7815228,1.99,55.02615,1.99,18.94,7.95,18.94,2022,Denmark
0,0,0,0.11750881,0,0,0,0,0,0.01,0,2000,Estonia
0.11778563,0.01,0.01,0.23557127,0,0,0,0,0,0.01,0,2001,Estonia
0.1172333,0.01,0.01,0.3516999,0,0,0,0,0,0.02,0,2002,Estonia
0.098425195,0.01,0.01,0.492126,0,0,0.098425195,0,0.01,0.03,0.01,2003,Estonia
0.19398642,0.02,0.02,0.58195925,0,0,0.09699321,0,0.01,0.03,0.01,2004,Estonia
0.19607843,0.02,0.02,1.0784314,0,0,0.49019608,0,0.05,0.04,0.05,2005,Estonia
0.102774926,0.01,0.01,1.3360741,0,0,0.8221994,0,0.08,0.04,0.08,2006,Estonia
0.16420361,0.02,0.02,1.1494253,0,0,0.7389162,0,0.09,0.03,0.09,2007,Estonia
0.28355387,0.03,0.03,1.8903592,0,0,1.2287334,0,0.13,0.04,0.13,2008,Estonia
0.34168565,0.03,0.03,6.1503425,0,0,2.2779045,0,0.2,0.31,0.2,2009,Estonia
0.231303,0.03,0.03,8.095605,0,0,2.158828,0,0.28,0.74,0.28,2010,Estonia
0.23273855,0.03,0.03,9.154383,0,0,2.8704422,0,0.37,0.78,0.37,2011,Estonia
0.33444816,0.04,0.04,12.29097,0,0,3.5953176,0,0.43,1,0.43,2012,Estonia
0.22590362,0.03,0.03,9.262049,0,0,3.9909637,0,0.53,0.67,0.53,2013,Estonia
0.24096386,0.03,0.03,11.164659,0,0,4.8192773,0,0.6,0.76,0.6,2014,Estonia
0.2955665,0.03,0.03,15.369459,0,0,6.9950743,0,0.71,0.82,0.71,2015,Estonia
0.32867706,0.04,0.04,13.064914,0.082169265,0.01,4.8479867,0.01,0.59,0.95,0.59,2016,Estonia
0.22796352,0.03,0.03,14.1337385,0.075987846,0.01,5.4711246,0.01,0.72,1.1,0.72,2017,Estonia
0.080840744,0.01,0.01,16.087309,0.24252224,0.03,5.1738076,0.03,0.64,1.31,0.64,2018,Estonia
0.26281208,0.02,0.02,28.120895,0.9198423,0.07,9.067017,0.07,0.69,1.36,0.69,2019,Estonia
0.49342105,0.03,0.03,48.848686,4.111842,0.25,13.815789,0.25,0.84,1.85,0.84,2020,Estonia
0.27816412,0.02,0.02,39.91655,4.867872,0.35,10.15299,0.35,0.73,1.77,0.73,2021,Estonia
0.23980814,0.02,0.02,44.004795,6.3549156,0.53,7.5539565,0.53,0.63,2.49,0.63,2022,Estonia
21.005875,14.66,14.66,33.5005,0,0,0.114629604,0,0.08,8.64,0.08,2000,Finland
17.768206,13.2,13.2,28.99448,0,0,0.09422533,0,0.07,8.27,0.07,2001,Finland
14.425263,10.78,10.78,26.535526,0,0,0.080289036,0,0.06,8.99,0.06,2002,Finland
11.405804,9.59,9.59,22.668886,0,0,0.10704091,0,0.09,9.38,0.09,2003,Finland
17.60514,15.07,15.07,29.94159,0,0,0.14018692,0,0.12,10.44,0.12,2004,Finland
19.593346,13.78,13.78,33.35703,0,0,0.2417176,0,0.17,9.51,0.17,2005,Finland
14.003655,11.49,11.49,27.373552,0,0,0.19500303,0,0.16,10.81,0.16,2006,Finland
17.52348,14.18,14.18,30.054375,0,0,0.2347998,0,0.19,9.95,0.19,2007,Finland
22.226551,17.11,17.11,36.074303,0,0,0.33775005,0,0.26,10.4,0.26,2008,Finland
17.67902,12.69,12.69,30.231262,0,0,0.3900808,0,0.28,8.73,0.28,2009,Finland
16.081654,12.92,12.92,30.097088,0,0,0.3609659,0,0.29,10.97,0.29,2010,Finland
17.005875,12.45,12.45,33.028275,0.013659337,0.01,0.6556482,0.01,0.48,11.24,0.48,2011,Finland
24.054789,16.86,16.86,40.747612,0.014267371,0.01,0.6991012,0.01,0.49,11.2,0.49,2012,Finland
18.089602,12.84,12.84,36.10876,0.014088475,0.01,1.0848125,0.01,0.77,12.01,0.77,2013,Finland
19.761097,13.4,13.4,38.75535,0.014747088,0.01,1.6369268,0.01,1.11,11.76,1.11,2014,Finland
24.531889,16.77,16.77,44.66062,0.014628437,0.01,3.408426,0.01,2.33,11.42,2.33,2015,Finland
23.07243,15.8,15.8,44.407124,0.029205605,0.02,4.4830604,0.02,3.07,11.52,3.07,2016,Finland
22.002087,14.77,14.77,46.89409,0.07448235,0.05,7.150306,0.05,4.8,11.86,4.8,2017,Finland
19.005428,13.3,13.3,45.927406,0.12860817,0.09,8.345242,0.09,5.84,12.91,5.84,2018,Finland
18.163206,12.42,12.42,46.621822,0.21936241,0.15,8.803744,0.15,6.02,13.29,6.02,2019,Finland
23.001158,15.88,15.88,52.042294,0.31865585,0.22,11.964079,0.22,8.26,11.57,8.26,2020,Finland
21.970222,15.79,15.79,53.123695,0.41742036,0.3,11.840823,0.3,8.51,13.58,8.51,2021,Finland
18.824497,13.74,13.74,54.897934,0.41101524,0.3,16.577614,0.3,12.1,13.93,12.1,2022,Finland
12.140181,64.78,64.78,12.71177,0.001874063,0.01,0.009370315,0.01,0.05,2.99,0.05,2000,France
13.35786,72.62,72.62,13.996136,0.0018394187,0.01,0.023912443,0.01,0.13,3.33,0.13,2001,France
10.664349,58.88,58.88,11.354416,0.0018112005,0.01,0.048902415,0.01,0.27,3.53,0.27,2002,France
10.242535,57.35,57.35,10.978354,0.0017859695,0.01,0.06965281,0.01,0.39,3.72,0.39,2003,France
10.232903,58.04,58.04,11.005131,0.0017630776,0.01,0.10402157,0.01,0.59,3.78,0.59,2004,France
8.798653,50.14,50.14,9.647984,0.001754817,0.01,0.16846244,0.01,0.96,3.8700001,0.96,2005,France
9.661972,54.88,54.88,10.723592,0.0017605633,0.01,0.38380283,0.01,2.18,3.8400002,2.18,2006,France
9.958912,55.99,55.99,11.437008,0.0035573894,0.02,0.7239288,0.02,4.07,4.22,4.07,2007,France
10.956201,62.16,62.16,12.748745,0.007050322,0.04,1.0029083,0.04,5.69,4.44,5.69,2008,France
10.48544,55.49,55.49,12.877686,0.032123353,0.17,1.4946806,0.17,7.91,4.58,7.91,2009,France
10.87362,61.2,61.2,13.624007,0.110157594,0.62,1.7660749,0.62,9.94,4.92,9.94,2010,France
8.061332,45.74,45.74,11.6355295,0.41064504,2.33,2.1801198,2.33,12.37,5.58,12.37,2011,France
10.550539,59.83,59.83,15.033152,0.7811948,4.43,2.6768708,4.43,15.18,5.8100004,15.18,2012,France
12.476364,71.92,71.92,17.246943,0.90033823,5.19,2.7981608,5.19,16.13,6.18,16.13,2013,France
11.263003,63.77,63.77,16.6075,1.1285964,6.39,3.059044,6.39,17.32,6.5499997,17.32,2014,France
9.680792,55.56,55.56,16.002232,1.3503624,7.75,3.7322276,7.75,21.42,7.11,21.42,2015,France
10.890539,60.84,60.84,17.721292,1.5501655,8.66,3.8270829,8.66,21.38,8.12,21.38,2016,France
8.991511,50,50,16.657675,1.724572,9.59,4.425622,9.59,24.61,8.43,24.61,2017,France
11.307157,65.11,65.11,19.731518,1.896393,10.92,4.9667435,10.92,28.6,8.99,28.6,2018,France
10.059748,56.91,56.91,20.011667,2.1795235,12.33,6.137312,12.33,34.72,9.25,34.72,2019,France
11.871029,62.59,62.59,23.761024,2.5528686,13.46,7.559981,13.46,39.86,9.37,39.86,2020,France
10.832516,59.62,59.62,22.231913,2.8580253,15.73,6.6917405,15.73,36.83,10.18,36.83,2021,France
9.836414,46.18,46.18,24.542046,4.255772,19.98,8.192042,19.98,38.46,10.6,38.46,2022,France
3.7969596,21.73,21.73,6.1977983,0.010484012,0.06,1.6337587,0.06,9.35,4.33,9.35,2000,Germany
3.9062364,22.73,22.73,6.513259,0.020622455,0.12,1.7975906,0.12,10.46,4.59,10.46,2001,Germany
3.9727814,23.12,23.12,7.6431365,0.03264829,0.19,2.7252731,0.19,15.86,5.31,15.86,2002,Germany
3.0404623,18.32,18.32,7.745544,0.051448867,0.31,3.1682546,0.31,19.09,8.95,19.09,2003,Germany
3.4000785,20.75,20.75,9.498919,0.09176116,0.56,4.2636166,0.56,26.02,10.64,26.02,2004,Germany
3.201774,19.64,19.64,10.335665,0.20866957,1.28,4.5271516,1.28,27.77,14.71,27.77,2005,Germany
3.1803243,20.03,20.03,11.512996,0.35248727,2.22,4.9729285,2.22,31.32,18.94,31.32,2006,Germany
3.3480413,21.17,21.17,14.135471,0.48710284,3.08,6.406667,3.08,40.51,24.62,40.51,2007,Germany
3.2280478,20.44,20.44,14.88945,0.6980417,4.42,6.53506,4.42,41.38,28.04,41.38,2008,Germany
3.231229,19.03,19.03,16.290285,1.1172615,6.58,6.693381,6.58,39.42,30.91,39.42,2009,Germany
3.353932,20.95,20.95,16.8385,1.8778816,11.73,6.1715546,11.73,38.55,33.949997,38.55,2010,Germany
2.9198408,17.67,17.67,20.496721,3.2387595,19.6,8.239007,19.6,49.86,36.91,49.86,2011,Germany
3.5058591,21.75,21.75,23.056463,4.252164,26.38,8.330244,26.38,51.68,43.23,51.68,2012,Germany
3.6441414,23,23,24.136892,4.9132533,31.01,8.356174,31.01,52.74,45.59,52.74,2013,Germany
3.1599321,19.59,19.59,26.21824,5.8165984,36.06,9.436245,36.06,58.5,48.39,58.5,2014,Germany
2.962986,18.98,18.98,29.472189,6.0461774,38.73,12.585667,38.73,80.62,50.460003,80.62,2015,Germany
3.1961057,20.55,20.55,29.499044,5.9256263,38.1,12.429818,38.1,79.92,51.1,79.92,2016,Germany
3.1191468,20.15,20.15,33.48555,6.098977,39.4,16.360428,39.4,105.69,51.079998,105.69,2017,Germany
2.7958655,17.69,17.69,35.097675,6.8687572,43.46,17.377356,43.46,109.95,50.97,109.95,2018,Germany
3.2911308,19.73,19.73,40.089077,7.4029593,44.38,20.999517,44.38,125.89,50.33,125.89,2019,Germany
3.3000739,18.72,18.72,44.332405,8.726157,49.5,23.287382,49.5,132.1,51.16,132.1,2020,Germany
3.381784,19.66,19.66,39.7007,8.487143,49.34,19.721338,49.34,114.65,47.15,114.65,2021,Germany
2.99684,17.45,17.45,42.94669,10.129147,58.98,21.656246,58.98,126.1,47.54,126.1,2022,Germany
6.9075255,3.69,3.69,7.7499065,0,0,0.8423812,0,0.45,0,0.45,2000,Greece
3.956292,2.1,2.1,5.5388093,0,0,1.431801,0,0.76,0.08,0.76,2001,Greece
5.1899905,2.8,2.8,6.6357737,0,0,1.2048192,0,0.65,0.13,0.65,2002,Greece
8.238341,4.77,4.77,10.172711,0,0,1.761658,0,1.02,0.1,1.02,2003,Greece
7.942177,4.67,4.67,10.051021,0,0,1.9047619,0,1.12,0.12,1.12,2004,Greece
8.446913,5.02,5.02,10.785798,0,0,2.136968,0,1.27,0.12,1.27,2005,Greece
9.739073,5.86,5.86,12.747216,0,0,2.8253284,0,1.7,0.11,1.7,2006,Greece
4.1301227,2.59,2.59,7.319407,0,0,2.9022484,0,1.82,0.18,1.82,2007,Greece
5.2606487,3.31,3.31,9.138589,0.015893199,0.01,3.5600765,0.01,2.24,0.19,2.24,2008,Greece
8.760439,5.35,5.35,13.361716,0.08187326,0.05,4.1591616,0.05,2.54,0.22,2.54,2009,Greece
13.018473,7.47,7.47,18.351341,0.2788428,0.16,4.7229,0.16,2.71,0.19,2.71,2010,Greece
6.7747936,4.01,4.01,13.7692175,1.0305796,0.61,5.6090555,0.61,3.32,0.21,3.32,2011,Greece
7.2263374,4.39,4.39,16.674896,2.781893,1.69,6.3374486,1.69,3.85,0.2,3.85,2012,Greece
11.116947,6.35,6.35,25.140057,6.390056,3.65,7.2478995,3.65,4.14,0.22,4.14,2013,Greece
8.8977165,4.48,4.48,24.190666,7.527309,3.79,7.328699,3.79,3.69,0.22,3.69,2014,Greece
11.769245,6.1,6.1,28.65136,7.5245996,3.9,8.913756,3.9,4.62,0.23,4.62,2015,Greece
10.1819515,5.54,5.54,27.366293,7.222937,3.93,9.465172,3.93,5.15,0.27,5.15,2016,Greece
7.176513,3.96,3.96,25.009062,7.2308807,3.99,10.039869,3.99,5.54,0.31,5.54,2017,Greece
10.779343,5.74,5.74,30.309858,7.117371,3.79,11.830986,3.79,6.3,0.31,6.3,2018,Greece
8.233841,4,4,33.14121,9.1189785,4.43,14.965006,4.43,7.27,0.4,7.27,2019,Greece
6.935216,3.34,3.34,36.44103,9.240032,4.45,19.331396,4.45,9.31,0.45,9.31,2020,Greece
10.795974,5.9,5.9,40.494053,9.606587,5.25,19.176579,5.25,10.48,0.5,10.48,2021,Greece
9.019833,4.73,4.73,43.306637,12.623952,6.62,20.709383,6.62,10.86,0.5,10.86,2022,Greece
0.51150894,0.18,0.18,0.68201196,0,0,0,0,0,0.06,0,2000,Hungary
0.5216914,0.19,0.19,0.7138935,0,0,0,0,0,0.07,0,2001,Hungary
0.5255878,0.19,0.19,0.63623786,0,0,0,0,0,0.04,0,2002,Hungary
0.4980955,0.17,0.17,0.9668913,0,0,0,0,0,0.16,0,2003,Hungary
0.59329575,0.2,0.2,2.78849,0,0,0.029664788,0,0.01,0.73,0.01,2004,Hungary
0.55944055,0.2,0.2,5.230769,0,0,0.027972028,0,0.01,1.66,0.01,2005,Hungary
0.5299861,0.19,0.19,4.1562066,0,0,0.11157601,0,0.04,1.26,0.04,2006,Hungary
0.5255255,0.21,0.21,4.7047048,0,0,0.2752753,0,0.11,1.56,0.11,2007,Hungary
0.5247376,0.21,0.21,5.8720636,0,0,0.4997501,0,0.2,1.94,0.2,2008,Hungary
0.6404901,0.23,0.23,8.047897,0,0,0.9189641,0,0.33,2.33,0.33,2009,Hungary
0.5084292,0.19,0.19,8.081349,0,0,1.4182498,0,0.53,2.3,0.53,2010,Hungary
0.6107718,0.22,0.22,7.5235977,0,0,1.7490283,0,0.63,1.86,0.63,2011,Hungary
0.6065858,0.21,0.21,7.62565,0.028885039,0.01,2.224148,0.01,0.77,1.65,0.77,2012,Hungary
0.6942149,0.21,0.21,9.190083,0.0661157,0.02,2.3801653,0.02,0.72,1.83,0.72,2013,Hungary
1.0221466,0.3,0.3,10.76661,0.23850085,0.07,2.2487223,0.07,0.66,2.13,0.66,2014,Hungary
0.75932646,0.23,0.23,10.63057,0.46219873,0.14,2.2779794,0.14,0.69,2.16,0.69,2015,Hungary
0.81735307,0.26,0.26,10.216913,0.7544797,0.24,2.1376927,0.24,0.68,2.07,0.68,2016,Hungary
0.67011875,0.22,0.22,10.60006,1.066098,0.35,2.3149557,0.35,0.76,2.15,0.76,2017,Hungary
0.6890072,0.22,0.22,11.807077,1.9730661,0.63,1.910429,0.63,0.61,2.31,0.61,2018,Hungary
0.643463,0.22,0.22,13.746709,4.387248,1.5,2.1351273,1.5,0.73,2.25,0.73,2019,Hungary
0.6900518,0.24,0.24,15.871191,7.073031,2.46,1.8688903,2.46,0.65,2.17,0.65,2020,Hungary
0.5839822,0.21,0.21,19.215796,10.567297,3.8,1.8353727,3.8,0.66,2.24,0.66,2021,Hungary
0.5349099,0.19,0.19,21.199324,12.584458,4.47,1.7173424,4.47,0.61,2.26,0.61,2022,Hungary
3.5910435,0.85,0.85,4.985213,0,0,1.0139416,0,0.24,0.09,0.24,2000,Ireland
2.435065,0.6,0.6,4.180195,0,0,1.3392857,0,0.33,0.1,0.33,2001,Ireland
3.663446,0.91,0.91,5.5555553,0,0,1.5700483,0,0.39,0.08,0.39,2002,Ireland
2.4135158,0.6,0.6,4.5856795,0,0,1.8101367,0,0.45,0.09,0.45,2003,Ireland
2.4980175,0.63,0.63,5.511499,0,0,2.5773196,0,0.65,0.11,0.65,2004,Ireland
2.4590163,0.63,0.63,7.298985,0,0,4.3325524,0,1.11,0.13,1.11,2005,Ireland
2.6558466,0.72,0.72,9.111029,0,0,5.9756546,0,1.62,0.13,1.62,2006,Ireland
2.3616495,0.67,0.67,9.904829,0,0,6.908706,0,1.96,0.18,1.96,2007,Ireland
3.2419786,0.97,0.97,12.032085,0,0,8.054813,0,2.41,0.22,2.41,2008,Ireland
3.2177334,0.9,0.9,14.730068,0,0,10.5827675,0,2.96,0.26,2.96,2009,Ireland
2.130682,0.6,0.6,13.210227,0,0,9.978693,0,2.81,0.31,2.81,2010,Ireland
2.6141384,0.71,0.71,19.992636,0,0,16.126657,0,4.38,0.34,4.38,2011,Ireland
2.9487653,0.8,0.8,19.351273,0,0,14.780687,0,4.01,0.44,4.01,2012,Ireland
2.3465,0.6,0.6,22.01799,0,0,17.755182,0,4.54,0.49,4.54,2013,Ireland
2.750872,0.71,0.71,24.757847,0,0,19.914762,0,5.14,0.54,5.14,2014,Ireland
2.8825622,0.81,0.81,27.971529,0,0,23.380783,0,6.57,0.48,6.57,2015,Ireland
2.2494211,0.68,0.68,24.875952,0.03307972,0.01,20.344028,0.01,6.15,0.68,6.15,2016,Ireland
2.2504892,0.69,0.69,28.962818,0.032615785,0.01,24.266146,0.01,7.44,0.74,7.44,2017,Ireland
2.2330098,0.69,0.69,33.00971,0.06472492,0.02,27.961168,0.02,8.64,0.85,8.64,2018,Ireland
2.8971355,0.89,0.89,38.41146,0.13020834,0.04,32.61719,0.04,10.02,0.85,10.02,2019,Ireland
2.9089773,0.93,0.93,42.10197,0.18767595,0.06,36.12762,0.06,11.55,0.92,11.55,2020,Ireland
2.3734176,0.75,0.75,36.772152,0.28481013,0.09,30.949368,0.09,9.78,1,9.78,2021,Ireland
2.0827134,0.7,0.7,38.619457,0.26777744,0.09,33.323414,0.09,11.2,0.99,11.2,2022,Ireland
16.42207,44.2,44.2,18.900242,0.0074308007,0.02,0.20806243,0.02,0.56,6.0899997,0.56,2000,Italy
17.267965,46.81,46.81,20.049433,0.007377896,0.02,0.43529585,0.02,1.18,6.34,1.18,2001,Italy
14.27952,39.52,39.52,17.455557,0.0072264774,0.02,0.5058534,0.02,1.4,7.37,1.4,2002,Italy
12.849533,36.67,36.67,16.420212,0.0070081996,0.02,0.5115986,0.02,1.46,8.71,1.46,2003,Italy
14.360819,42.34,42.34,18.274939,0.010175356,0.03,0.62748027,0.03,1.85,9.66,1.85,2004,Italy
12.197349,36.07,36.07,16.376978,0.010144731,0.03,0.79128903,0.03,2.34,9.99,2.34,2005,Italy
12.061826,36.99,36.99,16.512863,0.013043336,0.04,0.9684677,0.04,2.97,10.64,2.97,2006,Italy
10.683247,32.82,32.82,15.533349,0.01302041,0.04,1.3118064,0.04,4.03,10.83,4.03,2007,Italy
13.3184,41.62,41.62,18.6112,0.0608,0.19,1.5552,0.19,4.86,11.49,4.86,2008,Italy
17.08742,49.14,49.14,24.083735,0.23645595,0.68,2.27415,0.68,6.54,12.9,6.54,2009,Italy
17.159544,51.12,51.12,25.84002,0.64113325,1.91,3.064684,1.91,9.13,14.82,9.13,2010,Italy
15.286582,45.82,45.82,27.67732,3.6031227,10.8,3.2895174,10.8,9.86,16.48,9.86,2011,Italy
14.122369,41.87,41.87,31.104963,6.3613057,18.86,4.5230703,18.86,13.41,18.08,13.41,2012,Italy
18.382277,52.77,52.77,39.014874,7.5208135,21.59,5.1903715,21.59,14.9,22.74,14.9,2013,Italy
21.103662,58.55,58.55,43.497692,8.041378,22.31,5.471453,22.31,15.18,24.64,15.18,2014,Italy
16.20929,45.54,45.54,38.757786,8.1651535,22.94,5.2820783,22.94,14.84,25.57,14.84,2015,Italy
14.773676,42.43,42.43,37.607937,7.694986,22.1,6.1594706,22.1,17.69,25.79,17.69,2016,Italy
12.34105,36.2,36.2,35.41745,8.311459,24.38,6.0477962,24.38,17.74,25.57,17.74,2017,Italy
16.976929,48.79,48.79,39.810013,7.881276,22.65,6.165837,22.65,17.72,25.25,17.72,2018,Italy
15.898404,46.32,46.32,39.756306,8.131114,23.69,6.933242,23.69,20.2,25.619999,20.2,2019,Italy
17.10001,47.55,47.55,42.039772,8.968965,24.94,6.7465024,24.94,18.76,25.650002,18.76,2020,Italy
15.849016,45.39,45.39,40.619434,8.743321,25.04,7.3082156,25.04,20.93,24.97,20.93,2021,Italy
10.736571,29.94,29.94,36.43764,9.944058,27.73,7.139784,27.73,19.91,24.029999,19.91,2022,Italy
68.115944,2.82,2.82,68.115944,0,0,0,0,0,0,0,2000,Latvia
66.276344,2.83,2.83,66.276344,0,0,0,0,0,0,0,2001,Latvia
61.964737,2.46,2.46,62.468513,0,0,0.25188917,0,0.01,0.01,0.01,2002,Latvia
57.17884,2.27,2.27,58.942062,0,0,1.2594458,0,0.05,0.02,0.05,2003,Latvia
66.3113,3.11,3.11,68.23028,0,0,1.0660981,0,0.05,0.04,0.05,2004,Latvia
67.68292,3.33,3.33,69.51219,0,0,1.0162601,0,0.05,0.04,0.05,2005,Latvia
55.214725,2.7,2.7,57.055218,0,0,1.0224949,0,0.05,0.04,0.05,2006,Latvia
57.35294,2.73,2.73,59.243694,0,0,1.0504202,0,0.05,0.04,0.05,2007,Latvia
59.013283,3.11,3.11,60.910816,0,0,1.1385199,0,0.06,0.04,0.06,2008,Latvia
62.11849,3.46,3.46,63.913822,0,0,0.89766604,0,0.05,0.05,0.05,2009,Latvia
53.092007,3.52,3.52,54.90196,0,0,0.7541478,0,0.05,0.07,0.05,2010,Latvia
47.45484,2.89,2.89,50.57471,0,0,1.1494253,0,0.07,0.12,0.07,2011,Latvia
60.129658,3.71,3.71,66.61264,0,0,1.7828201,0,0.11,0.29,0.11,2012,Latvia
46.935486,2.91,2.91,56.935486,0,0,1.9354839,0,0.12,0.5,0.12,2013,Latvia
38.715954,1.99,1.99,54.47471,0,0,2.7237356,0,0.14,0.67,0.14,2014,Latvia
33.57401,1.86,1.86,50.180508,0,0,2.7075815,0,0.15,0.77,0.15,2015,Latvia
39.4081,2.53,2.53,54.20561,0,0,2.0249221,0,0.13,0.82,0.13,2016,Latvia
58.167328,4.38,4.38,72.50996,0,0,1.9920319,0,0.15,0.93,0.15,2017,Latvia
36.160717,2.43,2.43,51.934525,0,0,1.7857144,0,0.12,0.94,0.12,2018,Latvia
32.763973,2.11,2.11,49.53416,0,0,2.3291926,0,0.15,0.93,0.15,2019,Latvia
45.454548,2.6,2.6,63.636368,0,0,3.1468532,0,0.18,0.86,0.18,2020,Latvia
46.324787,2.71,2.71,63.589745,0.17094018,0.01,2.3931625,0.01,0.14,0.86,0.14,2021,Latvia
54.743084,2.77,2.77,72.13439,0.19762845,0.01,3.7549407,0.01,0.19,0.68,0.19,2022,Latvia
3.0825024,0.34,0.34,3.0825024,0,0,0,0,0,0,0,2000,Lithuania
2.309307,0.33,0.33,2.309307,0,0,0,0,0,0,0,2001,Lithuania
2.0408163,0.35,0.35,2.0408163,0,0,0,0,0,0,0,2002,Lithuania
1.7148982,0.32,0.32,1.7684888,0,0,0,0,0,0.01,0,2003,Lithuania
2.2604952,0.42,0.42,2.3143165,0,0,0,0,0,0.01,0,2004,Lithuania
3.164557,0.45,0.45,3.2348804,0,0,0,0,0,0.01,0,2005,Lithuania
3.36984,0.4,0.4,3.622578,0,0,0.084246,0,0.01,0.02,0.01,2006,Lithuania
3.1746032,0.42,0.42,4.383976,0,0,0.8314437,0,0.11,0.05,0.11,2007,Lithuania
3.0557678,0.4,0.4,4.583652,0,0,0.9931245,0,0.13,0.07,0.13,2008,Lithuania
2.9227557,0.42,0.42,4.732081,0,0,1.1134307,0,0.16,0.1,0.16,2009,Lithuania
11.368422,0.54,0.54,19.157894,0,0,4.631579,0,0.22,0.15,0.22,2010,Lithuania
12.030075,0.48,0.48,27.81955,0,0,11.7794485,0,0.47,0.16,0.47,2011,Lithuania
9.767442,0.42,0.42,27.441858,0,0,12.55814,0,0.54,0.22,0.54,2012,Lithuania
13.065327,0.52,0.52,38.44221,1.2562814,0.05,15.075377,0.05,0.6,0.36,0.6,2013,Lithuania
11.560694,0.4,0.4,43.641617,2.0231214,0.07,18.49711,0.07,0.64,0.4,0.64,2014,Lithuania
8.75,0.35,0.35,42,1.75,0.07,20.25,0.07,0.81,0.45,0.81,2015,Lithuania
13.196481,0.45,0.45,61.583572,2.0527859,0.07,33.431084,0.07,1.14,0.44,1.14,2016,Lithuania
17.91045,0.6,0.6,75.52239,2.0895524,0.07,40.597015,0.07,1.36,0.5,1.36,2017,Lithuania
15.636364,0.43,0.43,80,3.2727273,0.09,41.454544,0.09,1.14,0.54,1.14,2018,Lithuania
11.146497,0.35,0.35,78.662415,2.866242,0.09,47.7707,0.09,1.5,0.53,1.5,2019,Lithuania
6.6225166,0.3,0.3,56.73289,2.869757,0.13,34.216335,0.13,1.55,0.59,1.55,2020,Lithuania
9.11271,0.38,0.38,62.829735,4.556355,0.19,32.613907,0.19,1.36,0.69,1.36,2021,Lithuania
10.791367,0.45,0.45,74.820145,10.31175,0.43,38.129498,0.43,1.59,0.65,1.59,2022,Lithuania
30,0.12,0.12,40,0,0,5,0,0.02,0.02,0.02,2000,Luxembourg
13.793103,0.12,0.12,19.54023,0,0,2.2988505,0,0.02,0.03,0.02,2001,Luxembourg
3.5714285,0.1,0.1,5.3571434,0,0,0.71428573,0,0.02,0.03,0.02,2002,Luxembourg
2.8673835,0.08,0.08,5.0179214,0,0,1.0752689,0,0.03,0.03,0.03,2003,Luxembourg
2.967359,0.1,0.1,5.6379824,0.2967359,0.01,1.1869437,0.01,0.04,0.04,0.04,2004,Luxembourg
2.6865673,0.09,0.09,6.2686567,0.59701496,0.02,1.4925374,0.02,0.05,0.05,0.05,2005,Luxembourg
3.1073446,0.11,0.11,7.062147,0.56497175,0.02,1.6949153,0.02,0.06,0.06,0.06,2006,Luxembourg
3.7617555,0.12,0.12,8.15047,0.62695926,0.02,1.8808777,0.02,0.06,0.06,0.06,2007,Luxembourg
4.779412,0.13,0.13,10.294118,0.7352941,0.02,2.2058823,0.02,0.06,0.07,0.06,2008,Luxembourg
3.4920633,0.11,0.11,8.571429,0.6349206,0.02,1.9047618,0.02,0.06,0.08,0.06,2009,Luxembourg
3.3950617,0.11,0.11,8.333334,0.61728394,0.02,1.8518518,0.02,0.06,0.08,0.06,2010,Luxembourg
2.2727273,0.06,0.06,9.090909,1.1363636,0.03,2.2727273,0.03,0.06,0.09,0.06,2011,Luxembourg
3.6231885,0.1,0.1,11.231884,1.4492754,0.04,2.8985507,0.04,0.08,0.09,0.08,2012,Luxembourg
6.521739,0.12,0.12,19.565218,3.8043478,0.07,4.347826,0.07,0.08,0.09,0.08,2013,Luxembourg
5.7591624,0.11,0.11,20.94241,4.712042,0.09,4.188482,0.09,0.08,0.12,0.08,2014,Luxembourg
7.4626865,0.1,0.1,32.08955,7.4626865,0.1,7.4626865,0.1,0.1,0.13,0.1,2015,Luxembourg
15.189873,0.12,0.12,58.227848,12.658228,0.1,12.658228,0.1,0.1,0.14,0.1,2016,Luxembourg
10,0.09,0.09,66.66667,12.222222,0.11,25.555555,0.11,0.23,0.17,0.23,2017,Luxembourg
9.375,0.09,0.09,70.833336,12.5,0.12,26.041668,0.12,0.25,0.22,0.25,2018,Luxembourg
10.280374,0.11,0.11,74.76635,12.149532,0.13,26.168222,0.13,0.28,0.28,0.28,2019,Luxembourg
7.377049,0.09,0.09,79.508194,13.114754,0.16,28.688524,0.16,0.35,0.37,0.35,2020,Luxembourg
8.9430895,0.11,0.11,80.4878,14.634146,0.18,25.20325,0.18,0.31,0.39,0.31,2021,Luxembourg
5.3097343,0.06,0.06,85.840706,19.469027,0.22,28.318584,0.22,0.32,0.37,0.32,2022,Luxembourg
0,0,0,0,0,0,0,0,0,0,0,2000,Malta
0,0,0,0,0,0,0,0,0,0,0,2001,Malta
0,0,0,0,0,0,0,0,0,0,0,2002,Malta
0,0,0,0,0,0,0,0,0,0,0,2003,Malta
0,0,0,0,0,0,0,0,0,0,0,2004,Malta
0,0,0,0,0,0,0,0,0,0,0,2005,Malta
0,0,0,0,0,0,0,0,0,0,0,2006,Malta
0,0,0,0,0,0,0,0,0,0,0,2007,Malta
0,0,0,0,0,0,0,0,0,0,0,2008,Malta
0,0,0,0,0,0,0,0,0,0,0,2009,Malta
0,0,0,0,0,0,0,0,0,0,0,2010,Malta
0,0,0,0,0,0,0,0,0,0,0,2011,Malta
0,0,0,1.3043479,0.86956525,0.02,0,0.02,0,0.01,0,2012,Malta
0,0,0,1.7699115,1.3274336,0.03,0,0.03,0,0.01,0,2013,Malta
0,0,0,3.5555556,3.1111112,0.07,0,0.07,0,0.01,0,2014,Malta
0,0,0,7.692308,6.923077,0.09,0,0.09,0,0.01,0,2015,Malta
0,0,0,16.27907,15.116279,0.13,0,0.13,0,0.01,0,2016,Malta
0,0,0,10.30303,9.69697,0.16,0,0.16,0,0.01,0,2017,Malta
0,0,0,10.152284,9.64467,0.19,0,0.19,0,0.01,0,2018,Malta
0,0,0,10.144928,9.661836,0.2,0,0.2,0,0.01,0,2019,Malta
0,0,0,11.627907,11.16279,0.24,0,0.24,0,0.01,0,2020,Malta
0,0,0,12.162163,11.711712,0.26,0,0.26,0,0.01,0,2021,Malta
0.15661708,0.14,0.14,3.3225193,0.011186934,0.01,0.9285155,0.01,0.83,1.99,0.83,2000,Netherlands
0.1284384,0.12,0.12,3.5427592,0.0107032005,0.01,0.8883656,0.01,0.83,2.35,0.83,2001,Netherlands
0.11488251,0.11,0.11,4.156658,0.020887729,0.02,0.9921671,0.02,0.95,2.9,0.95,2002,Netherlands
0.072463766,0.07,0.07,4.099379,0.031055901,0.03,1.3664596,0.03,1.32,2.54,1.32,2003,Netherlands
0.089100085,0.09,0.09,5.247005,0.02970003,0.03,1.8513018,0.03,1.87,3.31,1.87,2004,Netherlands
0.09028892,0.09,0.09,7.4839487,0.04012841,0.04,2.0766454,0.04,2.07,5.26,2.07,2005,Netherlands
0.11146013,0.11,0.11,8.156855,0.040530954,0.04,2.7662377,0.04,2.73,5.17,2.73,2006,Netherlands
0.104761906,0.11,0.11,7.2285714,0.03809524,0.04,3.2761905,0.04,3.44,4,3.44,2007,Netherlands
0.09310987,0.1,0.1,8.87337,0.037243947,0.04,3.9664807,0.04,4.26,5.13,4.26,2008,Netherlands
0.08805918,0.1,0.1,9.536809,0.03522367,0.04,4.03311,0.04,4.58,6.11,4.58,2009,Netherlands
0.083956,0.1,0.1,9.394677,0.050373603,0.06,3.3498447,0.06,3.99,7.04,3.99,2010,Netherlands
0.052719444,0.06,0.06,10.82506,0.08786574,0.1,4.481153,0.1,5.1,7.06,5.1,2011,Netherlands
0.097021446,0.1,0.1,12.098574,0.18434075,0.19,4.831668,0.19,4.98,7.2,4.98,2012,Netherlands
0.10837439,0.11,0.11,11.921183,0.4039409,0.41,5.546798,0.41,5.63,5.95,5.63,2013,Netherlands
0.10656849,0.11,0.11,11.286572,0.7072273,0.73,5.619066,0.73,5.8,5.01,5.8,2014,Netherlands
0.082720585,0.09,0.09,12.58272,1.0202205,1.11,6.939338,1.11,7.55,4.94,7.55,2015,Netherlands
0.0878503,0.1,0.1,12.984275,1.4056048,1.6,7.1773696,1.6,8.17,4.91,8.17,2016,Netherlands
0.05188516,0.06,0.06,15.072639,1.9024559,2.2,9.140436,2.2,10.57,4.6,10.57,2017,Netherlands
0.061576355,0.07,0.07,16.634413,3.2635467,3.71,9.2804365,3.71,10.55,4.58,10.55,2018,Netherlands
0.057951815,0.07,0.07,18.867456,4.4705687,5.4,9.5289345,5.4,11.51,5.81,11.51,2019,Netherlands
0.040719926,0.05,0.05,26.671553,6.979396,8.57,12.44401,8.57,15.28,8.85,15.28,2020,Netherlands
0.07400707,0.09,0.09,33.278515,9.456459,11.5,14.8014145,11.5,18,10.88,18,2021,Netherlands
0.049631897,0.06,0.06,39.870956,13.921747,16.83,17.875755,16.83,21.61,9.7,21.61,2022,Netherlands
1.4736695,2.11,2.11,1.6273223,0,0,0,0,0,0.22,0,2000,Poland
1.6212078,2.33,2.33,1.9343168,0,0,0.006957974,0,0.01,0.44,0.01,2001,Poland
1.6001122,2.28,2.28,1.943996,0,0,0.042108215,0,0.06,0.43,0.06,2002,Poland
1.1132592,1.67,1.67,1.4999001,0,0,0.07999467,0,0.12,0.46,0.12,2003,Poland
1.3660843,2.08,2.08,2.1016684,0,0,0.09194799,0,0.14,0.98,0.14,2004,Poland
1.4188972,2.2,2.2,2.48307,0,0,0.09029345,0,0.14,1.51,0.14,2005,Poland
1.2714242,2.04,2.04,2.6737301,0,0,0.16204426,0,0.26,1.99,0.26,2006,Poland
1.4825562,2.35,2.35,3.4256516,0,0,0.32805502,0,0.52,2.56,0.52,2007,Poland
1.390326,2.15,2.15,4.274444,0,0,0.5431971,0,0.84,3.62,0.84,2008,Poland
1.5752202,2.38,2.38,5.7515388,0,0,0.71480584,0,1.08,5.23,1.08,2009,Poland
1.8598726,2.92,2.92,6.9299364,0,0,1.0573249,0,1.66,6.3,1.66,2010,Poland
1.4293602,2.33,2.33,8.054721,0,0,1.9630698,0,3.2,7.6,3.2,2011,Poland
1.262142,2.04,2.04,10.443604,0,0,2.9388108,0,4.75,10.09,4.75,2012,Poland
1.4886218,2.44,2.44,10.408151,0,0,3.6605453,0,6,8.62,6,2013,Poland
1.3764364,2.18,2.18,12.533148,0.0063139284,0.01,4.849097,0.01,7.68,9.98,7.68,2014,Poland
1.114223,1.83,1.83,13.815148,0.036531903,0.06,6.6122746,0.06,10.86,9.94,10.86,2015,Poland
1.2884582,2.14,2.14,13.733519,0.072249986,0.12,7.580228,0.12,12.59,7.96,12.59,2016,Poland
1.5065027,2.56,2.56,14.1999655,0.100041196,0.17,8.774201,0.17,14.91,6.49,14.91,2017,Poland
1.1623105,1.97,1.97,12.755915,0.1770016,0.3,7.5520678,0.3,12.8,6.55,12.8,2018,Poland
1.202159,1.96,1.96,15.615801,0.43547598,0.71,9.267665,0.71,15.11,7.68,15.11,2019,Poland
1.3491154,2.12,2.12,17.964872,1.2472954,1.96,10.0547285,1.96,15.8,8.35,15.8,2020,Poland
1.3089443,2.34,2.34,17.094591,2.1983554,3.93,9.078704,3.93,16.23,8.06,16.23,2021,Poland
1.1489124,2.06,2.06,21.042944,4.545454,8.15,11.020636,8.15,19.76,7.76,19.76,2022,Poland
26.094975,11.32,11.32,29.668049,0,0,0.39188564,0,0.17,1.38,0.17,2000,Portugal
30.3877,14.03,14.03,34.091404,0,0,0.5631363,0,0.26,1.45,0.26,2001,Portugal
17.086527,7.8,7.8,21.314346,0,0,0.78860897,0,0.36,1.57,0.36,2002,Portugal
33.791916,15.72,15.72,38.048153,0,0,1.0748066,0,0.5,1.48,0.5,2003,Portugal
22.02142,9.87,9.87,27.465418,0,0,1.8295404,0,0.82,1.62,0.82,2004,Portugal
10.242529,4.73,4.73,17.864876,0,0,3.832828,0,1.77,1.75,1.77,2005,Portugal
22.647724,11,11,32.365658,0,0,6.0325303,0,2.93,1.7900001,2.93,2006,Portugal
21.518448,10.09,10.09,34.57027,0.042653017,0.02,8.61591,0.02,4.04,2.06,4.04,2007,Portugal
14.951627,6.8,6.8,32.189976,0.08795075,0.04,12.664907,0.04,5.76,2.04,5.76,2008,Portugal
16.734034,8.28,8.28,36.96443,0.32336298,0.16,15.319321,0.16,7.58,2.27,7.58,2009,Portugal
30.08009,16.15,16.15,52.80313,0.3911343,0.21,17.098156,0.21,9.18,2.81,9.18,2010,Portugal
22.243639,11.54,11.54,46.47263,0.539707,0.28,17.65613,0.28,9.16,3.13,9.16,2011,Portugal
12.332675,5.62,5.62,42.50604,0.8558262,0.39,22.514812,0.39,10.26,3.1000001,10.26,2012,Portugal
27.171978,13.73,13.73,58.32179,0.9499307,0.48,23.768059,0.48,12.01,3.25,12.01,2013,Portugal
29.965359,15.57,15.57,60.758278,1.2124711,0.63,23.30639,0.63,12.11,3.26,12.11,2014,Portugal
16.890968,8.66,8.66,47.53267,1.5603666,0.8,22.644821,0.8,11.61,3.3,11.61,2015,Portugal
26.58549,15.72,15.72,54.6254,1.4713343,0.87,21.089125,0.87,12.47,3.24,12.47,2016,Portugal
10.225303,5.9,5.9,39.13345,1.7157712,0.99,21.230503,0.99,12.25,3.44,12.25,2017,Portugal
21.212122,12.39,12.39,50.350967,1.729156,1.01,21.60589,1.01,12.62,3.39,12.62,2018,Portugal
17.050068,8.82,8.82,52.986664,2.590373,1.34,26.425673,1.34,13.67,3.58,13.67,2019,Portugal
23.438107,12.08,12.08,58.420643,3.3372138,1.72,23.86496,1.72,12.3,4.0099998,12.3,2020,Portugal
24.089806,11.91,11.91,63.814728,4.5307446,2.24,26.739483,2.24,13.22,4.18,13.22,2021,Portugal
16.162691,7.59,7.59,59.816868,6.537479,3.07,28.258093,3.07,13.27,4.16,13.27,2022,Portugal
28.665632,14.78,14.78,28.665632,0,0,0,0,0,0,0,2000,Romania
27.861813,14.92,14.92,27.861813,0,0,0,0,0,0,0,2001,Romania
29.492832,16.05,16.05,29.492832,0,0,0,0,0,0,0,2002,Romania
24.179432,13.26,13.26,24.179432,0,0,0,0,0,0,0,2003,Romania
29.226412,16.51,16.51,29.226412,0,0,0,0,0,0,0,2004,Romania
34.01784,20.21,20.21,34.03467,0,0,0,0,0,0.01,0,2005,Romania
29.282297,18.36,18.36,29.282297,0,0,0,0,0,0,0,2006,Romania
25.891699,15.97,15.97,25.95655,0,0,0,0,0,0.04,0,2007,Romania
26.481913,17.2,17.2,26.512701,0,0,0,0,0,0.02,0,2008,Romania
26.90109,15.53,15.53,26.935736,0,0,0.017322017,0,0.01,0.01,0.01,2009,Romania
32.799866,19.88,19.88,33.49282,0,0,0.51146674,0,0.31,0.11,0.31,2010,Romania
23.758064,14.73,14.73,26.32258,0,0,2.2419355,0,1.39,0.2,1.39,2011,Romania
20.534195,12.07,12.07,25.399796,0.01701259,0.01,4.4913235,0.01,2.64,0.21,2.64,2012,Romania
25.550812,14.96,14.96,34.41503,0.71733564,0.42,7.7198977,0.42,4.52,0.25,4.52,2013,Romania
28.838776,18.8,18.8,41.60147,2.4850435,1.62,9.510661,1.62,6.2,0.5,6.2,2014,Romania
25.227547,16.63,16.63,39.729977,3.003641,1.98,10.709951,1.98,7.06,0.52,7.06,2015,Romania
27.914541,18.03,18.03,41.75569,2.8177738,1.82,10.202818,1.82,6.59,0.53,6.59,2016,Romania
22.658327,14.49,14.49,37.9828,2.9085224,1.86,11.587177,1.86,7.41,0.53,7.41,2017,Romania
27.405336,17.66,17.66,40.642456,2.746741,1.77,9.807572,1.77,6.32,0.44,6.32,2018,Romania
26.326462,15.58,15.58,41.61879,3.007773,1.78,11.439675,1.78,6.77,0.5,6.77,2019,Romania
27.651924,15.38,15.38,44.246674,3.110392,1.73,12.495505,1.73,6.95,0.55,6.95,2020,Romania
29.443598,17.41,17.41,44.545914,2.875021,1.7,11.128023,1.7,6.58,0.65,6.58,2021,Romania
25.27531,14.23,14.23,42.1492,3.1793962,1.79,12.557727,1.79,7.07,0.64,7.07,2022,Romania
14.977258,4.61,4.61,14.977258,0,0,0,0,0,0,0,2000,Slovakia
15.488532,4.93,4.93,15.959786,0,0,0,0,0,0.15,0,2001,Slovakia
16.37663,5.27,5.27,16.84276,0,0,0,0,0,0.15,0,2002,Slovakia
11.240311,3.48,3.48,11.563308,0,0,0,0,0,0.1,0,2003,Slovakia
13.464696,4.1,4.1,13.563218,0,0,0.03284072,0,0.01,0.02,0.01,2004,Slovakia
14.805361,4.64,4.64,14.932992,0,0,0.031908106,0,0.01,0.03,0.01,2005,Slovakia
14.098046,4.4,4.4,15.411728,0,0,0.032041013,0,0.01,0.4,0.01,2006,Slovakia
15.989938,4.45,4.45,17.714695,0,0,0.035932448,0,0.01,0.47,0.01,2007,Slovakia
14.061956,4.04,4.04,15.906719,0,0,0.03480682,0,0.01,0.52,0.01,2008,Slovakia
16.879105,4.37,4.37,19.003477,0,0,0.038624953,0,0.01,0.54,0.01,2009,Slovakia
19.183079,5.26,5.26,21.69949,0.07293946,0.02,0.03646973,0.02,0.01,0.66,0.01,2010,Slovakia
13.399504,3.78,3.78,17.724213,1.4179369,0.4,0,0.4,0,0.82,0,2011,Slovakia
14.518414,4.1,4.1,19.369688,1.4872521,0.42,0.035410766,0.42,0.01,0.94,0.01,2012,Slovakia
17.053446,4.85,4.85,22.36287,2.0745428,0.59,0.035161745,0.59,0.01,0.91,0.01,2013,Slovakia
15.569526,4.21,4.21,23.076921,2.218935,0.6,0.036982246,0.6,0.01,1.42,0.01,2014,Slovakia
14.581763,3.87,3.87,22.795778,1.9216276,0.51,0.037678976,0.51,0.01,1.66,0.01,2015,Slovakia
16.34183,4.36,4.36,24.850075,1.9865066,0.53,0.03748126,0.53,0.01,1.73,0.01,2016,Slovakia
15.829975,4.32,4.32,23.96482,1.8688164,0.51,0.036643457,0.51,0.01,1.7,0.01,2017,Slovakia
13.511479,3.59,3.59,21.866768,2.182913,0.58,0.037636433,0.58,0.01,1.63,0.01,2018,Slovakia
15.466477,4.36,4.36,23.589926,2.0929406,0.59,0.03547357,0.59,0.01,1.69,0.01,2019,Slovakia
15.854086,4.52,4.52,24.026657,2.3149772,0.66,0,0.66,0,1.67,0,2020,Slovakia
14.36278,4.26,4.26,22.825354,2.2589345,0.67,0,0.67,0,1.84,0,2021,Slovakia
13.692481,3.66,3.66,22.671156,2.5813694,0.69,0,0.69,0,1.71,0,2022,Slovakia
28.141073,3.83,3.83,28.655401,0,0,0,0,0,0.07,0,2000,Slovenia
26.243095,3.8,3.8,26.72652,0,0,0,0,0,0.07,0,2001,Slovenia
22.671232,3.31,3.31,23.356163,0,0,0,0,0,0.1,0,2002,Slovenia
21.402748,2.96,2.96,22.270426,0,0,0,0,0,0.12,0,2003,Slovenia
26.784544,4.09,4.09,27.570398,0,0,0,0,0,0.12,0,2004,Slovenia
22.898743,3.46,3.46,23.626738,0,0,0,0,0,0.11,0,2005,Slovenia
23.7591,3.59,3.59,24.487095,0,0,0,0,0,0.11,0,2006,Slovenia
21.742022,3.27,3.27,22.473404,0,0,0,0,0,0.11,0,2007,Slovenia
24.497257,4.02,4.02,26.264473,0,0,0,0,0,0.29,0,2008,Slovenia
28.737036,4.71,4.71,29.896278,0,0,0,0,0,0.19,0,2009,Slovenia
27.798277,4.52,4.52,29.212791,0.061500613,0.01,0,0.01,0,0.22,0,2010,Slovenia
22.361809,3.56,3.56,24.371859,0.4396985,0.07,0,0.07,0,0.25,0,2011,Slovenia
25.080385,3.9,3.9,27.84566,1.0289389,0.16,0,0.16,0,0.27,0,2012,Slovenia
29.303797,4.63,4.63,32.34177,1.392405,0.22,0,0.22,0,0.26,0,2013,Slovenia
35.510204,6.09,6.09,38.483967,1.516035,0.26,0,0.26,0,0.25,0,2014,Slovenia
25.743242,3.81,3.81,29.391891,1.8243245,0.27,0.067567565,0.27,0.01,0.26,0.01,2015,Slovenia
27.726433,4.5,4.5,31.176834,1.6635861,0.27,0.061614297,0.27,0.01,0.28,0.01,2016,Slovenia
24.11215,3.87,3.87,27.663553,1.7445483,0.28,0.062305298,0.28,0.01,0.28,0.01,2017,Slovenia
29.156324,4.7,4.7,32.382133,1.5508684,0.25,0.062034737,0.25,0.01,0.26,0.01,2018,Slovenia
28.193832,4.48,4.48,31.718061,1.88798,0.3,0.06293266,0.3,0.01,0.25,0.01,2019,Slovenia
29.188868,4.93,4.93,33.0373,2.1906455,0.37,0.059206635,0.37,0.01,0.27,0.01,2020,Slovenia
30.211674,4.71,4.71,34.89416,2.8864655,0.45,0.06414368,0.45,0.01,0.27,0.01,2021,Slovenia
24.039185,3.19,3.19,29.615673,3.3157496,0.44,0.07535795,0.44,0.01,0.29,0.01,2022,Slovenia
12.791961,28.26,28.26,15.611987,0.0045265253,0.01,2.1410465,0.01,4.73,1.49,4.73,2000,Spain
17.544085,40.89,40.89,21.152443,0.008581113,0.02,2.9004161,0.02,6.76,1.63,6.76,2001,Spain
8.844983,21.22,21.22,13.826016,0.008336459,0.02,3.8931265,0.02,9.34,2.59,9.34,2002,Spain
15.732609,40.48,40.48,21.667315,0.0077730278,0.02,4.6910224,0.02,12.07,3.18,12.07,2003,Spain
11.3575735,31.08,31.08,18.319021,0.007308606,0.02,5.7372556,0.02,15.7,3.33,15.7,2004,Spain
6.464881,18.39,18.39,14.859735,0.017577164,0.05,7.445687,0.05,21.18,2.65,21.18,2005,Spain
8.792251,25.96,25.96,17.6624,0.040642146,0.12,7.89135,0.12,23.3,2.77,23.3,2006,Spain
9.057142,27.31,27.31,19.334726,0.17245382,0.52,9.143369,0.52,27.57,2.9,27.57,2007,Spain
7.5192323,23.36,23.36,20.00515,0.8304632,2.58,10.606109,2.58,32.95,3.26,32.95,2008,Spain
9.059102,26.41,26.41,25.410765,2.0786884,6.06,13.075841,6.06,38.12,3.49,38.12,2009,Spain
14.1874895,42.3,42.3,32.79222,2.411538,7.19,14.848231,7.19,44.27,4.01,44.27,2010,Spain
10.5021105,30.6,30.6,30.040842,3.2261384,9.4,14.730412,9.4,42.92,4.61,42.92,2011,Spain
6.995269,20.55,20.55,29.604794,4.0746164,11.97,16.839705,11.97,49.47,4.98,49.47,2012,Spain
13.099087,36.87,36.87,39.585037,4.654137,13.1,19.7712,13.1,55.65,5.8,55.65,2013,Spain
14.246744,39.17,39.17,40.103294,4.971994,13.67,18.916855,13.67,52.01,5.41,52.01,2014,Spain
10.141271,28.14,28.14,34.989906,4.9949546,13.86,17.777857,13.86,49.33,5.76,49.33,2015,Spain
13.422324,36.4,36.4,38.581806,5.029684,13.64,18.03164,13.64,48.9,5.69,48.9,2016,Spain
6.713082,18.32,18.32,32.220592,5.276658,14.4,18.002932,14.4,49.13,6.08,49.13,2017,Spain
12.626895,34.33,34.33,38.20803,4.6858907,12.74,18.721495,12.74,50.9,5.91,50.9,2018,Spain
9.099634,24.65,24.65,37.28081,5.574218,15.1,20.543392,15.1,55.65,5.59,55.65,2019,Spain
11.746814,30.51,30.51,43.81088,7.958264,20.67,21.730257,20.67,56.44,6.17,56.44,2020,Spain
10.941251,29.63,29.63,46.43477,10.007016,27.1,22.916435,27.1,62.06,6.96,62.06,2021,Spain
6.6008916,18.8,18.8,42.21762,11.505917,32.77,21.716232,32.77,61.85,6.82,61.85,2022,Spain
54.10728,78.58,78.58,57.247128,0,0,0.31673896,0,0.46,4.1,0.46,2000,Sweden
48.923267,79.06,79.06,51.559402,0,0,0.2970297,0,0.48,3.78,0.48,2001,Sweden
45.235176,66.36,66.36,48.500343,0,0,0.4158146,0,0.61,4.18,0.61,2002,Sweden
39.545017,53.54,53.54,43.378387,0,0,0.50225276,0,0.68,4.51,0.68,2003,Sweden
39.63346,60.12,60.12,44.94693,0,0,0.56694573,0,0.86,7.2,0.86,2004,Sweden
45.968307,72.8,72.8,51.291286,0,0,0.59354675,0,0.94,7.49,0.94,2005,Sweden
43.076492,61.72,61.72,49.5952,0,0,0.68397546,0,0.98,8.36,0.98,2006,Sweden
44.45639,66.16,66.16,52.029293,0,0,0.9608923,0,1.43,9.84,1.43,2007,Sweden
46.077385,69.07,69.07,54.309544,0,0,1.3342229,0,2,10.34,2,2008,Sweden
48.20644,65.85,65.85,58.42606,0.007320644,0.01,1.8228403,0.01,2.49,11.46,2.49,2009,Sweden
44.728867,66.4,66.4,55.29808,0.006736275,0.01,2.35096,0.01,3.49,12.19,3.49,2010,Sweden
44.20415,66.43,66.43,55.95555,0.0066542453,0.01,4.065744,0.01,6.11,11.54,6.11,2011,Sweden
47.425346,78.93,78.93,59.063873,0.012017065,0.02,4.3021092,0.02,7.16,12.19,7.16,2012,Sweden
40.096714,61.36,61.36,54.035156,0.026138665,0.04,6.430112,0.04,9.84,11.45,9.84,2013,Sweden
41.523933,63.76,63.76,55.83849,0.032562684,0.05,7.3135786,0.05,11.23,10.7,11.23,2014,Sweden
46.487656,75.31,75.31,63.271606,0.061728396,0.1,10.074074,0.1,16.32,10.77,16.32,2015,Sweden
39.784462,62.02,62.02,57.17493,0.089806914,0.14,9.9300785,0.14,15.48,11.49,15.48,2016,Sweden
39.663887,65.14,65.14,57.88224,0.14004749,0.23,10.722767,0.23,17.61,12.08,17.61,2017,Sweden
38.08154,62.21,62.21,55.797012,0.25097942,0.41,10.17385,0.41,16.62,11.91,16.62,2018,Sweden
38.813683,65.37,65.37,58.745995,0.40375254,0.68,11.786012,0.68,19.85,13.04,19.85,2019,Sweden
44.19684,72.39,72.39,68.471825,0.64106476,1.05,16.80811,1.05,27.53,11.18,27.53,2020,Sweden
43.016823,73.89,73.89,67.3808,0.890726,1.53,15.858415,1.53,27.24,13.08,27.24,2021,Sweden
40.284256,69.16,69.16,68.38304,1.3630009,2.34,19.361605,2.34,33.24,12.66,33.24,2022,Sweden
0,0,0,0,0,0,0,0,0,0,0,2000,Bahrain
0,0,0,0,0,0,0,0,0,0,0,2001,Bahrain
0,0,0,0,0,0,0,0,0,0,0,2002,Bahrain
0,0,0,0,0,0,0,0,0,0,0,2003,Bahrain
0,0,0,0,0,0,0,0,0,0,0,2004,Bahrain
0,0,0,0,0,0,0,0,0,0,0,2005,Bahrain
0,0,0,0,0,0,0,0,0,0,0,2006,Bahrain
0,0,0,0,0,0,0,0,0,0,0,2007,Bahrain
0,0,0,0,0,0,0,0,0,0,0,2008,Bahrain
0,0,0,0,0,0,0,0,0,0,0,2009,Bahrain
0,0,0,0,0,0,0,0,0,0,0,2010,Bahrain
0,0,0,0,0,0,0,0,0,0,0,2011,Bahrain
0,0,0,0,0,0,0,0,0,0,0,2012,Bahrain
0,0,0,0,0,0,0,0,0,0,0,2013,Bahrain
0,0,0,0.03901678,0.03901678,0.01,0,0.01,0,0,0,2014,Bahrain
0,0,0,0.037341297,0.037341297,0.01,0,0.01,0,0,0,2015,Bahrain
0,0,0,0.037299518,0.037299518,0.01,0,0.01,0,0,0,2016,Bahrain
0,0,0,0.036390103,0.036390103,0.01,0,0.01,0,0,0,2017,Bahrain
0,0,0,0.03599712,0.03599712,0.01,0,0.01,0,0,0,2018,Bahrain
0,0,0,0.031806614,0.031806614,0.01,0,0.01,0,0,0,2019,Bahrain
0,0,0,0.03348962,0.03348962,0.01,0,0.01,0,0,0,2020,Bahrain
0,0,0,0.031476233,0.031476233,0.01,0,0.01,0,0,0,2021,Bahrain
18.208673,13.56,13.56,18.39667,0,0,0.18799517,0,0.14,0,0.14,2000,Egypt
18.873629,14.98,14.98,19.150812,0,0,0.27718282,0,0.22,0,0.22,2001,Egypt
15.010023,12.73,12.73,15.245844,0,0,0.23582125,0,0.2,0,0.2,2002,Egypt
14.246242,12.89,12.89,14.655171,0,0,0.40893012,0,0.37,0,0.37,2003,Egypt
13.013201,12.52,12.52,13.553685,0,0,0.54048437,0,0.52,0,0.52,2004,Egypt
12.136487,12.52,12.52,12.669639,0,0,0.53315234,0,0.55,0,0.55,2005,Egypt
11.689498,12.8,12.8,12.255708,0,0,0.56621003,0,0.62,0,0.62,2006,Egypt
12.923051,15.35,15.35,13.621822,0,0,0.6987708,0,0.83,0,0.83,2007,Egypt
11.690401,14.53,14.53,12.42256,0,0,0.73215866,0,0.91,0,0.91,2008,Egypt
9.66811,12.73,12.73,10.526316,0,0,0.85820615,0,1.13,0,1.13,2009,Egypt
8.06039,12.92,12.92,9.127208,0.13101254,0.21,0.9358039,0.21,1.5,0,1.5,2010,Egypt
8.15508,12.81,12.81,9.262795,0.14005601,0.22,0.9676598,0.22,1.52,0,1.52,2011,Egypt
7.9019403,12.99,12.99,8.729241,0.14599428,0.24,0.68130666,0.24,1.12,0,1.12,2012,Egypt
7.8582892,13.22,13.22,8.71426,0.065386675,0.11,0.7905843,0.11,1.33,0,1.33,2013,Egypt
7.8042107,13.68,13.68,8.762622,0.13691597,0.24,0.82149583,0.24,1.44,0,1.44,2014,Egypt
7.1972947,13.41,13.41,8.39416,0.091240875,0.17,1.1056247,0.17,2.06,0,2.06,2015,Egypt
6.7099223,12.72,12.72,8.176399,0.30595556,0.58,1.1605211,0.58,2.2,0,2.2,2016,Egypt
6.4011383,12.6,12.6,7.8896565,0.30481613,0.6,1.1837025,0.6,2.33,0,2.33,2017,Egypt
6.397155,12.77,12.77,8.671476,0.7614468,1.52,1.5128745,1.52,3.02,0,3.02,2018,Egypt
6.2124248,12.09,12.09,10.662351,2.2763474,4.43,2.173578,4.43,4.23,0,4.23,2019,Egypt
6.3870254,12.09,12.09,11.004279,2.382588,4.51,2.2346663,4.51,4.23,0,4.23,2020,Egypt
6.9221263,14,14,11.386897,2.3733006,4.8,2.091471,4.8,4.23,0,4.23,2021,Egypt
6.7614975,14.07,14.07,11.221107,2.4268348,5.05,2.0327742,5.05,4.23,0,4.23,2022,Egypt
3.1671555,3.78,3.78,3.2006702,0,0,0.033514872,0,0.04,0,0.04,2000,Iran
3.2290933,4.12,4.12,3.2526062,0,0,0.023512816,0,0.03,0,0.03,2001,Iran
5.79469,8.01,8.01,5.8163934,0,0,0.02170296,0,0.03,0,0.03,2002,Iran
6.323772,9.59,9.59,6.3435545,0,0,0.019782394,0,0.03,0,0.03,2003,Iran
7.329811,11.93,11.93,7.360531,0,0,0.03072008,0,0.05,0,0.05,2004,Iran
8.160614,14.45,14.45,8.200147,0,0,0.039532386,0,0.07,0,0.07,2005,Iran
9.569354,18.51,18.51,9.636561,0,0,0.067207776,0,0.13,0,0.13,2006,Iran
8.842063,17.96,17.96,8.910989,0,0,0.06892478,0,0.14,0,0.14,2007,Iran
3.5346096,7.44,7.44,3.629626,0,0,0.09501639,0,0.2,0,0.2,2008,Iran
3.02962,6.72,6.72,3.1333122,0,0,0.10369235,0,0.23,0.0017,0.23,2009,Iran
4.3491178,10.25,10.25,4.4254923,0,0,0.07213171,0,0.17,0.0102,0.17,2010,Iran
4.5332994,10.68,10.68,4.6309266,0,0,0.08913791,0,0.21,0.022,0.21,2011,Iran
5.0251255,12.5,12.5,5.1457286,0,0,0.11256281,0,0.28,0.0226,0.28,2012,Iran
5.647841,14.62,14.62,5.7405553,0,0,0.08498803,0,0.22,0.0193,0.22,2013,Iran
5.2606754,14.5,14.5,5.3513765,0,0,0.07256104,0,0.2,0.0466,0.2,2014,Iran
4.7280903,13.25,13.25,4.7851844,0,0,0.049957182,0,0.14,0.0163,0.14,2015,Iran
5.3891587,15.42,15.42,5.4520674,0,0,0.055918638,0,0.16,0.0218,0.16,2016,Iran
5.6460333,17.23,17.23,5.786938,0.029491758,0.09,0.10485958,0.09,0.32,0.02444,0.32,2017,Iran
3.1503122,9.84,9.84,3.4672642,0.07043381,0.22,0.24011526,0.22,0.75,0.02444,0.75,2018,Iran
10.621217,33.87,33.87,11.010066,0.15992975,0.51,0.22578317,0.51,0.72,0.010686,0.72,2019,Iran
6.8797817,23.2,23.2,7.407627,0.18978707,0.64,0.3350928,0.64,1.13,0.022341,1.13,2020,Iran
4.158283,14.88,14.88,4.664096,0.18723452,0.67,0.3157836,0.67,1.13,0.02227996,1.13,2021,Iran
4.476686,16.6,16.6,4.964807,0.18068552,0.67,0.30473828,0.67,1.13,0.02227996,1.13,2022,Iran
2.0319786,0.61,0.61,2.0319786,0,0,0,0,0,0,0,2000,Iraq
2.0098846,0.61,0.61,2.0098846,0,0,0,0,0,0,0,2001,Iraq
1.6012559,0.51,0.51,1.6012559,0,0,0,0,0,0,0,2002,Iraq
1.6129032,0.43,0.43,1.6129032,0,0,0,0,0,0,0,2003,Iraq
1.6129032,0.49,0.49,1.6129032,0,0,0,0,0,0,0,2004,Iraq
20.567867,5.94,5.94,20.567867,0,0,0,0,0,0,0,2005,Iraq
18.810339,6.04,6.04,18.810339,0,0,0,0,0,0,0,2006,Iraq
18.01459,5.68,5.68,18.01459,0,0,0,0,0,0,0,2007,Iraq
9.913794,3.45,3.45,9.913794,0,0,0,0,0,0,0,2008,Iraq
7.415156,3.19,3.19,7.415156,0,0,0,0,0,0,0,2009,Iraq
10.214239,4.72,4.72,10.214239,0,0,0,0,0,0,0,2010,Iraq
6.608969,3.36,3.36,6.608969,0,0,0,0,0,0,0,2011,Iraq
10.0046,4.35,4.35,10.0046,0,0,0,0,0,0,0,2012,Iraq
8.531063,4.71,4.71,8.621627,0.090563305,0.05,0,0.05,0,0,0,2013,Iraq
4.538341,2.9,2.9,4.632238,0.09389671,0.06,0,0.06,0,0,0,2014,Iraq
3.891892,2.52,2.52,3.984556,0.09266409,0.06,0,0.06,0,0,0,2015,Iraq
4.426186,3.34,3.34,4.505698,0.07951233,0.06,0,0.06,0,0,0,2016,Iraq
2.613029,2.15,2.15,2.6859505,0.07292173,0.06,0,0.06,0,0,0,2017,Iraq
2.1658044,1.8,1.8,2.6230297,0.45722535,0.38,0,0.38,0,0,0,2018,Iraq
5.5611615,4.96,4.96,5.987218,0.4260567,0.38,0,0.38,0,0,0,2019,Iraq
5.3623977,4.92,4.92,5.776567,0.41416892,0.38,0,0.38,0,0,0,2020,Iraq
5.038042,4.9,4.9,5.4287477,0.39070532,0.38,0,0.38,0,0,0,2021,Iraq
2.8088582,3.2930098,3.2930098,3.169025,0.36016667,0.42224714,0,0.42224714,0,0,0,2022,Iraq
0.57636887,0.04,0.04,0.7204611,0,0,0,0,0,0.01,0,2000,Jordan
0.5641749,0.04,0.04,0.7052186,0,0,0,0,0,0.01,0,2001,Jordan
0.6535948,0.05,0.05,0.78431374,0,0,0,0,0,0.01,0,2002,Jordan
0.5319149,0.04,0.04,0.6648936,0,0,0,0,0,0.01,0,2003,Jordan
0.5931198,0.05,0.05,0.7117438,0,0,0,0,0,0.01,0,2004,Jordan
0.66079295,0.06,0.06,0.7709251,0,0,0,0,0,0.01,0,2005,Jordan
0.4784689,0.05,0.05,0.6698565,0,0,0,0,0,0.02,0,2006,Jordan
0.49059692,0.06,0.06,0.7358954,0,0,0,0,0,0.03,0,2007,Jordan
0.4611837,0.06,0.06,0.69177556,0,0,0,0,0,0.03,0,2008,Jordan
0.4474273,0.06,0.06,0.5965697,0,0,0,0,0,0.02,0,2009,Jordan
0.43196544,0.06,0.06,0.5759539,0,0,0,0,0,0.02,0,2010,Jordan
0.3631082,0.05,0.05,0.50835145,0,0,0,0,0,0.02,0,2011,Jordan
0.38461536,0.06,0.06,0.5128205,0,0,0,0,0,0.02,0,2012,Jordan
0.30826142,0.05,0.05,0.431566,0,0,0,0,0,0.02,0,2013,Jordan
0.3492433,0.06,0.06,0.46565774,0,0,0,0,0,0.02,0,2014,Jordan
0.27901787,0.05,0.05,1.6183035,0.27901787,0.05,0.66964287,0.05,0.12,0.07,0.12,2015,Jordan
0.21574973,0.04,0.04,5.016181,2.3193095,0.43,2.1035597,0.43,0.39,0.07,0.39,2016,Jordan
0.20429009,0.04,0.04,7.5587335,4.6475997,0.91,2.2982635,0.91,0.45,0.08,0.45,2017,Jordan
0.10384216,0.02,0.02,11.52648,7.4247146,1.43,3.6863966,1.43,0.71,0.06,0.71,2018,Jordan
0.10293361,0.02,0.02,15.542974,10.602161,2.06,4.5290785,2.06,0.88,0.06,0.88,2019,Jordan
0.09980039,0.02,0.02,21.556887,14.321357,2.87,6.886227,2.87,1.38,0.05,1.38,2020,Jordan
0.09140768,0.02,0.02,23.537477,15.996345,3.5,7.1755033,3.5,1.57,0.06,1.57,2021,Jordan
0,0,0,0,0,0,0,0,0,0,0,2000,Kuwait
0,0,0,0,0,0,0,0,0,0,0,2001,Kuwait
0,0,0,0,0,0,0,0,0,0,0,2002,Kuwait
0,0,0,0,0,0,0,0,0,0,0,2003,Kuwait
0,0,0,0,0,0,0,0,0,0,0,2004,Kuwait
0,0,0,0,0,0,0,0,0,0,0,2005,Kuwait
0,0,0,0,0,0,0,0,0,0,0,2006,Kuwait
0,0,0,0,0,0,0,0,0,0,0,2007,Kuwait
0,0,0,0,0,0,0,0,0,0,0,2008,Kuwait
0,0,0,0,0,0,0,0,0,0,0,2009,Kuwait
0,0,0,0,0,0,0,0,0,0,0,2010,Kuwait
0,0,0,0,0,0,0,0,0,0,0,2011,Kuwait
0,0,0,0,0,0,0,0,0,0,0,2012,Kuwait
0,0,0,0.017442875,0,0,0.017442875,0,0.01,0,0.01,2013,Kuwait
0,0,0,0.016329195,0,0,0.016329195,0,0.01,0,0.01,2014,Kuwait
0,0,0,0.01557875,0,0,0.01557875,0,0.01,0,0.01,2015,Kuwait
0,0,0,0.030372059,0.0151860295,0.01,0.0151860295,0.01,0.01,0,0.01,2016,Kuwait
0,0,0,0.058479533,0.014619883,0.01,0.04385965,0.01,0.03,0,0.03,2017,Kuwait
0,0,0,0.08615738,0.028719127,0.02,0.057438254,0.02,0.04,0,0.04,2018,Kuwait
0,0,0,0.08509431,0.02836477,0.02,0.05672954,0.02,0.04,0,0.04,2019,Kuwait
0,0,0,0.074693754,0.0298775,0.02,0.04481625,0.02,0.03,0,0.03,2020,Kuwait
0,0,0,0.070204996,0.028081998,0.02,0.042122997,0.02,0.03,0,0.03,2021,Kuwait
4.787813,0.44,0.44,4.787813,0,0,0,0,0,0,0,2000,Lebanon
3.448276,0.33,0.33,3.448276,0,0,0,0,0,0,0,2001,Lebanon
6.0633483,0.67,0.67,6.0633483,0,0,0,0,0,0,0,2002,Lebanon
11.259383,1.35,1.35,11.259383,0,0,0,0,0,0,0,2003,Lebanon
9.414759,1.11,1.11,9.414759,0,0,0,0,0,0,0,2004,Lebanon
8.8586035,1.04,1.04,8.8586035,0,0,0,0,0,0,0,2005,Lebanon
6.30137,0.69,0.69,6.30137,0,0,0,0,0,0,0,2006,Lebanon
5.0966606,0.58,0.58,5.0966606,0,0,0,0,0,0,0,2007,Lebanon
2.9435165,0.37,0.37,2.9435165,0,0,0,0,0,0,0,2008,Lebanon
4.7765794,0.62,0.62,4.7765794,0,0,0,0,0,0,0,2009,Lebanon
5.6043215,0.83,0.83,5.6043215,0,0,0,0,0,0,0,2010,Lebanon
5.2049446,0.8,0.8,5.2049446,0,0,0,0,0,0,0,2011,Lebanon
6.430868,1,1,6.495177,0,0,0,0,0,0.01,0,2012,Lebanon
7.0945945,1.26,1.26,7.150901,0,0,0,0,0,0.01,0,2013,Lebanon
1.1229315,0.19,0.19,1.3002363,0.059101656,0.01,0.059101656,0.01,0.01,0.01,0.01,2014,Lebanon
2.6750143,0.47,0.47,2.9026752,0.113830395,0.02,0.056915198,0.02,0.01,0.01,0.01,2015,Lebanon
2.0787745,0.38,0.38,2.5164113,0.21881837,0.04,0.05470459,0.04,0.01,0.03,0.01,2016,Lebanon
2.045908,0.41,0.41,2.5948102,0.2994012,0.06,0.049900196,0.06,0.01,0.04,0.01,2017,Lebanon
1.6966068,0.34,0.34,2.3453093,0.44910178,0.09,0.049900196,0.09,0.01,0.03,0.01,2018,Lebanon
4.7642436,0.97,0.97,5.5009823,0.54027504,0.11,0.04911591,0.11,0.01,0.03,0.01,2019,Lebanon
5.3873777,1.05,1.05,6.208312,0.61570036,0.12,0.051308364,0.12,0.01,0.03,0.01,2020,Lebanon
4.713314,0.97,0.97,5.490768,0.58309036,0.12,0.048590865,0.12,0.01,0.03,0.01,2021,Lebanon
0,0,0,0,0,0,0,0,0,0,0,2000,Oman
0,0,0,0,0,0,0,0,0,0,0,2001,Oman
0,0,0,0,0,0,0,0,0,0,0,2002,Oman
0,0,0,0,0,0,0,0,0,0,0,2003,Oman
0,0,0,0,0,0,0,0,0,0,0,2004,Oman
0,0,0,0,0,0,0,0,0,0,0,2005,Oman
0,0,0,0,0,0,0,0,0,0,0,2006,Oman
0,0,0,0,0,0,0,0,0,0,0,2007,Oman
0,0,0,0,0,0,0,0,0,0,0,2008,Oman
0,0,0,0,0,0,0,0,0,0,0,2009,Oman
0,0,0,0,0,0,0,0,0,0,0,2010,Oman
0,0,0,0,0,0,0,0,0,0,0,2011,Oman
0,0,0,0,0,0,0,0,0,0,0,2012,Oman
0,0,0,0,0,0,0,0,0,0,0,2013,Oman
0,0,0,0,0,0,0,0,0,0,0,2014,Oman
0,0,0,0,0,0,0,0,0,0,0,2015,Oman
0,0,0,0,0,0,0,0,0,0,0,2016,Oman
0,0,0,0.058858152,0.058858152,0.02,0,0.02,0,0,0,2017,Oman
0,0,0,0.056385677,0.056385677,0.02,0,0.02,0,0,0,2018,Oman
0,0,0,0.055478502,0.055478502,0.02,0,0.02,0,0,0,2019,Oman
0,0,0,0.37856728,0.37856728,0.13,0,0.13,0,0,0,2020,Oman
0,0,0,0.43763673,0.43763673,0.16,0,0.16,0,0,0,2021,Oman
0,0,0,0.43138313,0.43138313,0.16,0,0.16,0,0,0,2022,Oman
0,0,0,0,0,0,0,0,0,0,0,2001,Palestine
0,0,0,0,0,0,0,0,0,0,0,2002,Palestine
0,0,0,0,0,0,0,0,0,0,0,2003,Palestine
0,0,0,0,0,0,0,0,0,0,0,2004,Palestine
0,0,0,0,0,0,0,0,0,0,0,2005,Palestine
0,0,0,0,0,0,0,0,0,0,0,2006,Palestine
0,0,0,0,0,0,0,0,0,0,0,2007,Palestine
0,0,0,0,0,0,0,0,0,0,0,2008,Palestine
0,0,0,0,0,0,0,0,0,0,0,2009,Palestine
0,0,0,0,0,0,0,0,0,0,0,2010,Palestine
0,0,0,0,0,0,0,0,0,0,0,2011,Palestine
0,0,0,0,0,0,0,0,0,0,0,2012,Palestine
0,0,0,0,0,0,0,0,0,0,0,2013,Palestine
0,0,0,0,0,0,0,0,0,0,0,2014,Palestine
0,0,0,2.0833335,2.0833335,0.01,0,0.01,0,0,0,2015,Palestine
0,0,0,7.8431373,7.8431373,0.04,0,0.04,0,0,0,2016,Palestine
0,0,0,9.615385,9.615385,0.05,0,0.05,0,0,0,2017,Palestine
0,0,0,15,15,0.06,0,0.06,0,0,0,2018,Palestine
0,0,0,15.584416,15.584416,0.12,0,0.12,0,0,0,2019,Palestine
0,0,0,22.5,22.5,0.18,0,0.18,0,0,0,2020,Palestine
0,0,0,23.255814,23.255814,0.2,0,0.2,0,0,0,2021,Palestine
0,0,0,0,0,0,0,0,0,0,0,2000,Qatar
0,0,0,0,0,0,0,0,0,0,0,2001,Qatar
0,0,0,0,0,0,0,0,0,0,0,2002,Qatar
0,0,0,0,0,0,0,0,0,0,0,2003,Qatar
0,0,0,0,0,0,0,0,0,0,0,2004,Qatar
0,0,0,0,0,0,0,0,0,0,0,2005,Qatar
0,0,0,0,0,0,0,0,0,0,0,2006,Qatar
0,0,0,0,0,0,0,0,0,0,0,2007,Qatar
0,0,0,0,0,0,0,0,0,0,0,2008,Qatar
0,0,0,0,0,0,0,0,0,0,0,2009,Qatar
0,0,0,0,0,0,0,0,0,0,0,2010,Qatar
0,0,0,0.03462604,0,0,0,0,0,0.01,0,2011,Qatar
0,0,0,0.030571692,0,0,0,0,0,0.01,0,2012,Qatar
0,0,0,0.030618494,0,0,0,0,0,0.01,0,2013,Qatar
0,0,0,0.05482456,0.02741228,0.01,0,0.01,0,0.01,0,2014,Qatar
0,0,0,0.07664793,0.025549311,0.01,0,0.01,0,0.02,0,2015,Qatar
0,0,0,0.07516913,0.025056377,0.01,0,0.01,0,0.02,0,2016,Qatar
0,0,0,0.06981615,0.023272049,0.01,0,0.01,0,0.02,0,2017,Qatar
0,0,0,0.044267375,0.022133688,0.01,0,0.01,0,0.01,0,2018,Qatar
0,0,0,0.06381621,0.02127207,0.01,0,0.01,0,0.02,0,2019,Qatar
0,0,0,0.04479283,0.022396415,0.01,0,0.01,0,0.01,0,2020,Qatar
0,0,0,0.0631446,0.021048201,0.01,0,0.01,0,0.02,0,2021,Qatar
0,0,0,0.06535947,0.021786492,0.01,0,0.01,0,0.02,0,2022,Qatar
13.389122,3.2,3.2,13.472803,0,0,0,0,0,0.02,0,2000,Syria
13.349132,3.38,3.38,13.428121,0,0,0,0,0,0.02,0,2001,Syria
9.173273,2.43,2.43,9.286523,0,0,0,0,0,0.03,0,2002,Syria
9.770938,2.73,2.73,9.87831,0,0,0,0,0,0.03,0,2003,Syria
13.585526,4.13,4.13,13.684211,0,0,0,0,0,0.03,0,2004,Syria
12.9344225,4.28,4.28,13.025083,0,0,0,0,0,0.03,0,2005,Syria
11.082767,3.91,3.91,11.167801,0,0,0,0,0,0.03,0,2006,Syria
9.419496,3.44,3.44,9.501643,0,0,0,0,0,0.03,0,2007,Syria
7.3309236,2.84,2.84,7.4083633,0,0,0,0,0,0.03,0,2008,Syria
4.530982,1.85,1.85,4.6044574,0,0,0,0,0,0.03,0,2009,Syria
5.86892,2.57,2.57,5.9374285,0,0,0,0,0,0.03,0,2010,Syria
8.217446,3.25,3.25,8.2933,0,0,0,0,0,0.03,0,2011,Syria
9.650181,3.2,3.2,9.710495,0,0,0,0,0,0.02,0,2012,Syria
12.478992,2.97,2.97,12.5210085,0,0,0,0,0,0.01,0,2013,Syria
11.542289,2.32,2.32,11.592039,0,0,0,0,0,0.01,0,2014,Syria
2.417453,0.41,0.41,2.4764152,0,0,0,0,0,0.01,0,2015,Syria
5.355064,0.92,0.92,5.413271,0,0,0,0,0,0.01,0,2016,Syria
4.315305,0.75,0.75,4.372843,0,0,0,0,0,0.01,0,2017,Syria
4.3757296,0.75,0.75,4.4340725,0,0,0,0,0,0.01,0,2018,Syria
4.518072,0.75,0.75,4.5783134,0,0,0,0,0,0.01,0,2019,Syria
4.746835,0.75,0.75,4.8101263,0,0,0,0,0,0.01,0,2020,Syria
4.4749403,0.75,0.75,4.534606,0,0,0,0,0,0.01,0,2021,Syria
24.837126,30.88,30.88,25.062334,0,0,0.024129333,0,0.03,0.25,0.03,2000,Turkey
19.649725,24.01,24.01,19.919796,0,0,0.049103852,0,0.06,0.27,0.06,2001,Turkey
26.226444,33.68,33.68,26.444479,0,0,0.038934745,0,0.05,0.22999999,0.05,2002,Turkey
25.322535,35.33,35.33,25.487387,0,0,0.043004587,0,0.06,0.17,0.06,2003,Turkey
30.77334,46.08,46.08,30.926939,0,0,0.040069453,0,0.06,0.17,0.06,2004,Turkey
24.487776,39.56,39.56,24.599195,0,0,0.0371402,0,0.06,0.120000005,0.06,2005,Turkey
25.112108,44.24,44.24,25.271046,0,0,0.07379236,0,0.13,0.15,0.13,2006,Turkey
18.729427,35.85,35.85,19.048117,0,0,0.18807794,0,0.36,0.25,0.36,2007,Turkey
16.776764,33.27,33.27,17.356663,0,0,0.42862186,0,0.85,0.3,0.85,2008,Turkey
18.466595,35.96,35.96,19.59123,0,0,0.77029735,0,1.5,0.69,1.5,2009,Turkey
24.542784,51.8,51.8,26.400076,0,0,1.3834928,0,2.92,1,2.92,2010,Turkey
22.827984,52.34,52.34,25.335835,0,0,2.058618,0,4.72,1.03,4.72,2011,Turkey
24.170774,57.86,57.86,27.241205,0,0,2.4479907,0,5.86,1.49,5.86,2012,Turkey
24.771751,59.42,59.42,28.857298,0,0,3.1517072,0,7.56,2.24,7.56,2013,Turkey
16.15134,40.64,40.64,20.912487,0.007948494,0.02,3.3860586,0.02,8.52,3.44,8.52,2014,Turkey
25.699413,67.15,67.15,32.014236,0.07271614,0.19,4.4586473,0.19,11.65,4.66,11.65,2015,Turkey
24.56429,67.23,67.23,32.97161,0.37999195,1.04,5.670649,1.04,15.52,6.4500003,15.52,2016,Turkey
19.640388,58.22,58.22,29.43022,0.9749351,2.89,6.038525,2.89,17.9,8.23,17.9,2017,Turkey
19.72619,59.94,59.94,32.176003,2.5669718,7.8,6.565524,7.8,19.95,10.08,19.95,2018,Turkey
29.33386,88.82,88.82,43.680435,3.0549226,9.25,7.176591,9.25,21.73,12.46,21.73,2019,Turkey
25.568068,78.09,78.09,42.02082,3.5852268,10.95,8.129788,10.95,24.83,14.469999,24.83,2020,Turkey
16.77514,55.93,55.93,35.55682,4.1810384,13.94,9.4298315,13.94,31.44,17.24,31.44,2021,Turkey
20.574074,67.09,67.09,41.973076,4.857555,15.84,10.776166,15.84,35.14,18.8,35.14,2022,Turkey
0,0,0,0,0,0,0,0,0,0,0,2000,United Arab Emirates
0,0,0,0,0,0,0,0,0,0,0,2001,United Arab Emirates
0,0,0,0,0,0,0,0,0,0,0,2002,United Arab Emirates
0,0,0,0,0,0,0,0,0,0,0,2003,United Arab Emirates
0,0,0,0,0,0,0,0,0,0,0,2004,United Arab Emirates
0,0,0,0,0,0,0,0,0,0,0,2005,United Arab Emirates
0,0,0,0,0,0,0,0,0,0,0,2006,United Arab Emirates
0,0,0,0,0,0,0,0,0,0,0,2007,United Arab Emirates
0,0,0,0,0,0,0,0,0,0,0,2008,United Arab Emirates
0,0,0,0.012061271,0.012061271,0.01,0,0.01,0,0,0,2009,United Arab Emirates
0,0,0,0.022642363,0.022642363,0.02,0,0.02,0,0,0,2010,United Arab Emirates
0,0,0,0.032181934,0.032181934,0.03,0,0.03,0,0,0,2011,United Arab Emirates
0,0,0,0.020030046,0.020030046,0.02,0,0.02,0,0,0,2012,United Arab Emirates
0,0,0,0.077361956,0.077361956,0.08,0,0.08,0,0,0,2013,United Arab Emirates
0,0,0,0.28292415,0.2737976,0.3,0,0.3,0,0.01,0,2014,United Arab Emirates
0,0,0,0.25885102,0.250501,0.3,0,0.3,0,0.01,0,2015,United Arab Emirates
0,0,0,0.26261798,0.25441116,0.31,0,0.31,0,0.01,0,2016,United Arab Emirates
0,0,0,0.592698,0.5847953,0.74,0,0.74,0,0.01,0,2017,United Arab Emirates
0,0,0,1.0318142,1.0239975,1.31,0,1.31,0,0.01,0,2018,United Arab Emirates
0,0,0,2.930968,2.923255,3.79,0,3.79,0,0.01,0,2019,United Arab Emirates
0,0,0,4.346108,4.3382063,5.49,0,5.49,0,0.01,0,2020,United Arab Emirates
0,0,0,4.93991,4.932537,6.69,0,6.69,0,0.01,0,2021,United Arab Emirates
0,0,0,0,0,0,0,0,0,0,0,2000,Yemen
0,0,0,0,0,0,0,0,0,0,0,2001,Yemen
0,0,0,0,0,0,0,0,0,0,0,2002,Yemen
0,0,0,0,0,0,0,0,0,0,0,2003,Yemen
0,0,0,0,0,0,0,0,0,0,0,2004,Yemen
0,0,0,0,0,0,0,0,0,0,0,2005,Yemen
0,0,0,0,0,0,0,0,0,0,0,2006,Yemen
0,0,0,0,0,0,0,0,0,0,0,2007,Yemen
0,0,0,0,0,0,0,0,0,0,0,2008,Yemen
0,0,0,0,0,0,0,0,0,0,0,2009,Yemen
0,0,0,0,0,0,0,0,0,0,0,2010,Yemen
0,0,0,0,0,0,0,0,0,0,0,2011,Yemen
0,0,0,0,0,0,0,0,0,0,0,2012,Yemen
0,0,0,0,0,0,0,0,0,0,0,2013,Yemen
0,0,0,0.1388889,0.1388889,0.01,0,0.01,0,0,0,2014,Yemen
0,0,0,2.023609,2.023609,0.12,0,0.12,0,0,0,2015,Yemen
0,0,0,3.539823,3.539823,0.16,0,0.16,0,0,0,2016,Yemen
0,0,0,4.973822,4.973822,0.19,0,0.19,0,0,0,2017,Yemen
0,0,0,14.545455,14.545455,0.48,0,0.48,0,0,0,2018,Yemen
0,0,0,14.076246,14.076246,0.48,0,0.48,0,0,0,2019,Yemen
0,0,0,15.170279,15.170279,0.49,0,0.49,0,0,0,2020,Yemen
0,0,0,16.997168,16.997168,0.6,0,0.6,0,0,0,2021,Yemen